Title Number,Tenure,Property Address,District,County,Region,Postcode,Multiple Address Indicator,Price Paid,Proprietor Name (1),Company Registration No. (1),Proprietorship Category (1),Country Incorporated (1),Proprietor (1) Address (1),Proprietor (1) Address (2),Proprietor (1) Address (3),Proprietor Name (2),Company Registration No. (2),Proprietorship Category (2),Country Incorporated (2),Proprietor (2) Address (1),Proprietor (2) Address (2),Proprietor (2) Address (3),Proprietor Name (3),Company Registration No. (3),Proprietorship Category (3),Country Incorporated (3),Proprietor (3) Address (1),Proprietor (3) Address (2),Proprietor (3) Address (3),Proprietor Name (4),Company Registration No. (4),Proprietorship Category (4),Country Incorporated (4),Proprietor (4) Address (1),Proprietor (4) Address (2),Proprietor (4) Address (3),Date Proprietor Added,Additional Proprietor Indicator
"K789419","Freehold","land on the north side of Highstreet Road, Hernhill, Faversham","CANTERBURY","KENT","SOUTH EAST","","N","","ORCHID MARKETING FZE","","Unlimited Company","FUJAIRAH","Boulevard Plaza Tower One, Emaar Boulevard, Level 14 Downtown Dubai, P.O. Box 334155, Dubai, United Arab Emirates","","","","","","","","","","","","","","","","","","","","","","","","30-11-2017","N"
"K798803","Freehold","Unit 2015, Admirals Park, Crossways, Dartford, (DA2 6QH)","DARTFORD","KENT","SOUTH EAST","DA2 6QH","N","","STANDARD LIFE INVESTMENTS PROPERTY HOLDINGS LIMITED","","Limited Company or Public Limited Company","GUERNSEY","Trafalgar Court, Les Banques, St Peter Port, Guernsey","","","","","","","","","","","","","","","","","","","","","","","","02-09-2015","N"
"K800489","Freehold","86 Station Road West, Canterbury (CT2 8AN)","CANTERBURY","KENT","SOUTH EAST","CT2 8AN","N","121500","JOAN FLOYD PROPERTIES LIMITED","","Limited Company or Public Limited Company","ISLE OF MAN","First Floor, Millenium House, Victoria Road, Douglas, Isle Of Man, IM2 4RW","86 Station Road West, Canterbury, Kent CT2 8AN","","","","","","","","","","","","","","","","","","","","","","","18-09-2009","N"
"K805038","Freehold","44, 45 and 46 The Grove, and 83, 84 and 85 Edwin Street, Gravesend","GRAVESHAM","KENT","SOUTH EAST","","N","","LALI ENTERPRISES LIMITED","","Limited Company or Public Limited Company","LIBERIA","Stirling House, 2/2A Fulborne Road, London E17 4EW","","","","","","","","","","","","","","","","","","","","","","","","20-02-2003","N"
"K809548","Leasehold","Site B3, Pembroke, Chatham Maritime, Chatham","MEDWAY","MEDWAY","SOUTH EAST","","N","","PICTON PROPERTY NOMINEE (NO.5) LIMITED","","Limited Company or Public Limited Company","GUERNSEY","PO Box 255, Trafalgar Court, Les Banques, St Peter Port, GY1 3QL, Guernsey","First Floor, 28 Austin Friars, London EC2N 2QQ","","PICTON PROPERTY NOMINEE (NO.6) LIMITED","","Limited Company or Public Limited Company","GUERNSEY","PO Box 255, Trafalgar Court, Les Banques, St Peter Port, GY1 3QL, Guernsey","First Floor, 28 Austin Friars, London EC2N 2QQ","","","","","","","","","","","","","","","","08-01-2018","N"
"K810113","Freehold","Lots 3 And 4, Seven Mile Lane, East Peckham, Tonbridge","TONBRIDGE AND MALLING","KENT","SOUTH EAST","","N","","SOUTHERN QUEST (INTERNATIONAL) LIMITED","","Limited Company or Public Limited Company","GIBRALTAR","Kinnerton Place North, London SW1X 8EJ","5 New Street Square, London EC4A 3TW","","","","","","","","","","","","","","","","","","","","","","","10-04-2000","N"
"K814637","Freehold","Land on the south side of 21 Prospect Place, Canterbury, (CT1 3JU)","CANTERBURY","KENT","SOUTH EAST","CT1 3JU","N","","ELTREE HOLDINGS PTY LIMITED","","Limited Company or Public Limited Company","AUSTRALIA","21 Prospect Place, Canterbury CT1 3JU","","","","","","","","","","","","","","","","","","","","","","","","07-09-2018","N"
"K816557","Freehold","Priory Court, St Johns Road, Dover (CT17 9SE)","DOVER","KENT","SOUTH EAST","CT17 9SE","N","","MAPELEY STEPS LIMITED","","Limited Company or Public Limited Company","BERMUDA","Cambridge House, 47 Clarendon Road, Watford WD17 1HN","","","","","","","","","","","","","","","","","","","","","","","","23-05-2001","N"
"K819381","Freehold","land at Crossways Business Park, Crossways, Dartford","DARTFORD","KENT","SOUTH EAST","","N","6470000","UK COMMERCIAL PROPERTY FINANCE HOLDINGS LIMITED","","Limited Company or Public Limited Company","GUERNSEY","P.O. Box 255, Trafalgar Court, Les Banques, St Peter Port, Guernsey, GY1 3QL","1 George Street, Edinburgh EH2 2LL","","","","","","","","","","","","","","","","","","","","","","","09-07-2018","N"
"K819914","Leasehold","2 Orient Place, Canterbury and parking space (CT2 8AW)","CANTERBURY","KENT","SOUTH EAST","CT2 8AW","N","","BESTWORTH LIMITED","","Limited Company or Public Limited Company","CYPRUS","City House, 6 Karaiskaki Street, CY 3032, Cyprus","","","","","","","","","","","","","","","","","","","","","","","","29-05-2014","N"
"K822183","Freehold","the site of a Gas Governor Station lying to the south of Alec Pemble Close, Kennington, Ashford","ASHFORD","KENT","SOUTH EAST","","N","","THE GAS TRANSPORTATION COMPANY LIMITED","","Limited Company or Public Limited Company","GUERNSEY","Woolpit Business Park, Woolpit, Bury St Edmunds, Suffolk IP30 9UQ","","","","","","","","","","","","","","","","","","","","","","","","20-02-2001","N"
"K823378","Leasehold","Flat 21, Chancellor House, Mount Ephraim, Tunbridge Wells (TN4 8BT)","TUNBRIDGE WELLS","KENT","SOUTH EAST","TN4 8BT","N","350000","CHESAM SERVICES LIMITED","","Limited Company or Public Limited Company","GUERNSEY","Richmond House, St Julians Avenue, St Peter Port, Guernsey, GY1 1GZ","","","","","","","","","","","","","","","","","","","","","","","","17-05-2016","N"
"K825270","Freehold","Land to the North and South of Gibbs Hill, Nettlestead, Maidstone","MAIDSTONE","KENT","SOUTH EAST","","N","","SOUTHERN QUEST (INTERNATIONAL) LIMITED","","Limited Company or Public Limited Company","GIBRALTAR","Kinnerton Place North, London SW1X 8EJ","5 New Street Square, London EC4A 3TW","","","","","","","","","","","","","","","","","","","","","","","22-05-2001","N"
"K826428","Freehold","land on the south side of Keycol Hill, Bobbing, Sittingbourne","SWALE","KENT","SOUTH EAST","","N","","CALDWELL TRADING LIMITED","092829C","Limited Company or Public Limited Company","ISLE OF MAN","6 Granville Court, Windsor Mount, Ramsey, Isle of Man, Im8 3ea","","","","","","","","","","","","","","","","","","","","","","","","26-05-2011","N"
"K829612","Leasehold","Land on the west side of Liphook Way, Allington, Maidstone","TONBRIDGE AND MALLING","KENT","SOUTH EAST","","N","","LOGISTICS 101 S.A.R.L.","","Corporate Body","LUXEMBOURG","2-4 rue Eugene Ruppert, L-2453, Luxembourg","","","","","","","","","","","","","","","","","","","","","","","","16-03-2018","N"
"K838632","Leasehold","Compass South, Compass Centre, Pembroke, Chatham Maritime, Chatham (ME4 4YH)","MEDWAY","MEDWAY","SOUTH EAST","ME4 4YH","N","","FWRE LIMITED","","Limited Company or Public Limited Company","ISLE OF MAN","IOMA House, Hope Street, Douglas, Isle Of Man, IM1 1AP","Cannon Place, 78 Cannon Street, London EC4N 6AF","","","","","","","","","","","","","","","","","","","","","","","12-10-2016","N"
"K838887","Leasehold","land and buildings adjoining Transfesa Road, Paddock Wood, Tonbridge","TUNBRIDGE WELLS","KENT","SOUTH EAST","","N","12499999","INDUSTRIALS UK LP","","Corporate Body","DELAWARE, U.S.A.","180 Great Portland Street, London W1W 5QZ","Two Snowhill, Birmingham B4 6WR","","","","","","","","","","","","","","","","","","","","","","","29-07-2015","N"
"K844241","Freehold","11 Chandos Road, Broadstairs (CT10 1QP)","THANET","KENT","SOUTH EAST","CT10 1QP","N","350000","TAMARELLA PROPERTIES LIMITED","","Limited Company or Public Limited Company","BRITISH VIRGIN ISLANDS","Marlborough Trust Company PO Box 19, Farnley House, La Charroterie, St Peter Port, Guernsey GY1 4NP","11 Chandos Road, Broadstairs, Kent CT10 1QP","","","","","","","","","","","","","","","","","","","","","","","17-02-2006","N"
"K846235","Freehold","land at Willow Avenue, Faversham","SWALE","KENT","SOUTH EAST","","N","","LETLEY GROUP SA","","Corporate Body","BAHAMAS","Tan Oast, Dairy Lane, Chainhurst, Tonbridge, Kent TN12 9SS","","","","","","","","","","","","","","","","","","","","","","","","16-10-2002","N"
"K850571","Freehold","land on the west side of Hale Oak Road, Weald, Sevenoaks (TN14 6NQ)","SEVENOAKS","KENT","SOUTH EAST","TN14 6NQ","N","","COLGRAIN LIMITED","","Limited Company or Public Limited Company","JERSEY","Le Bocage, La Rue Du Bocage, St Peter, Jersey, JE3 7AS","","","","","","","","","","","","","","","","","","","","","","","","03-03-2015","N"
"K856170","Leasehold","Flat 51a, 51 St Michaels Street, Folkestone, (CT20 1LS)","SHEPWAY","KENT","SOUTH EAST","CT20 1LS","N","77250","M F & L LIMITED","","Limited Company or Public Limited Company","ISLE OF MAN","Jubilee Buildings, 1st Floor, Victoria Street, Douglas, Isle Of  Man IM1 2SH","","","","","","","","","","","","","","","","","","","","","","","","29-07-2008","N"
"LA914295","Freehold","22 Winckley Square, Preston (PR1 3JJ)","PRESTON","LANCASHIRE","NORTH WEST","PR1 3JJ","N","","ABACUS LAND 4 LTD","","Limited Company or Public Limited Company","GUERNSEY","Third Floor, La Plaiderie Chambers, St Peter Port, Guernsey, GY1 1WG","","","","","","","","","","","","","","","","","","","","","","","","23-05-2016","N"
"LA946822","Freehold","22 Yorkshire Street, Morecambe (LA3 1QE)","LANCASTER","LANCASHIRE","NORTH WEST","LA3 1QE","N","9000","TRIWARD HOLDINGS LIMITED","","Limited Company or Public Limited Company","BRITISH VIRGIN ISLANDS","European House, Peel Road, Douglas, Isle of Man, IM1 5PZ","","","","","","","","","","","","","","","","","","","","","","","","21-04-2016","N"
"LA947490","Freehold","7 Kingsway, Great Harwood, Blackburn (BB6 7XA)","HYNDBURN","LANCASHIRE","NORTH WEST","BB6 7XA","N","","BALLYKELLY LIMITED","","Limited Company or Public Limited Company","ISLE OF MAN","22 Perwick Bay, Port St Mary, Isle of Man","","","","","","","","","","","","","","","","","","","","","","","","19-11-2003","N"
"LA949389","Freehold","Wavecrest, Hackensall Road, Knott End On Sea (FY6 0AZ)","WYRE","LANCASHIRE","NORTH WEST","FY6 0AZ","N","","BIFFIN LIMITED","","Limited Company or Public Limited Company","JERSEY","Fyfe Chambers, Third Floor, 105 West George Street, Glasgow G2 1PB","","","","","","","","","","","","","","","","","","","","","","","","18-12-2003","N"
"LAN14847","Leasehold","14 Weavers Mews, Darwen and parking space (BB3 1LU)","BLACKBURN WITH DARWEN","BLACKBURN WITH DARWEN","NORTH WEST","BB3 1LU","N","70000","DRUMSTONE LIMITED","","Limited Company or Public Limited Company","ISLE OF MAN","10 Borough Road, Darwen BB3 1PL","6th Floor Victory House, Prospect Hill, Douglas, Isle Of Man","","","","","","","","","","","","","","","","","","","","","","","10-12-2014","N"
"LAN21399","Leasehold","Unit B10, Leighton Hall, Leighton Street, Preston (PR1 8RU)","PRESTON","LANCASHIRE","NORTH WEST","PR1 8RU","N","97000","ROSE GARDEN RESOURCES LIMITED","","Limited Company or Public Limited Company","BRITISH VIRGIN ISLANDS","1712 Tower 1, Times Square, 1 Matheson Street, Hong Kong","","","","","","","","","","","","","","","","","","","","","","","","05-11-2014","N"
"LAN22113","Freehold","land on the east side of West Strand Road, Preston","PRESTON","LANCASHIRE","NORTH WEST","","N","2791360","COLCASTOR A S.A.R.L","","Corporate Body","LUXEMBOURG","6A, Route De Treves, L-2633, Senningerberg, Luxembourg","","","","","","","","","","","","","","","","","","","","","","","","14-01-2016","N"
"LAN25851","Leasehold","The Prince Of Wales Public House, New Market Street, Chorley (PR7 1DB)","CHORLEY","LANCASHIRE","NORTH WEST","PR7 1DB","N","","STONEGATE PUB COMPANY LIMITED","FC029833","Limited Company or Public Limited Company","CAYMAN ISLANDS","Porter Tun House, 500 Capability Green, Luton LU1 3LU","","","","","","","","","","","","","","","","","","","","","","","","16-12-2013","N"
"LAN28855","Freehold","land forming part of Lee's Street, Bacup","ROSSENDALE","LANCASHIRE","NORTH WEST","","N","","SB CONSTRUCTION LIMITED","","Limited Company or Public Limited Company","ISLE OF MAN","26 Greenview Drive, Norden, Rochdale, Lancashire OL11 5YQ","","","","","","","","","","","","","","","","","","","","","","","","07-03-2006","N"
"LAN33063","Freehold","land on the south west side of Queensway, Lytham St Annes","FYLDE","LANCASHIRE","NORTH WEST","","N","","GREENHURST INVESTMENTS LIMITED","","Limited Company or Public Limited Company","SEYCHELLES","The Chancery, 58 Spring Gardens, Manchester M2 1EW","","","","","","","","","","","","","","","","","","","","","","","","25-07-2007","N"
"LAN41722","Freehold","land on the south east side of Barrowford House, Sollom Lock, Sollom (PR4 6HS)","CHORLEY","LANCASHIRE","NORTH WEST","PR4 6HS","N","","LILFORD 2005 LIMITED","","Limited Company or Public Limited Company","JERSEY","Durrell House, 28 New Street, St Helier, Jersey","Napthens Solicitors 7 Winckley Square, Preston, Lancashire PR1 3JD","Acland Bracewell Surveyors Limited, The Barrons, Church Road, Tarleton, Preston, Lancashire PR4 6UP","","","","","","","","","","","","","","","","","","","","","","09-11-2006","N"
"LAN42912","Freehold","Toppings Farm, Plox Brow, Tarleton (PR4 6HB)","WEST LANCASHIRE","LANCASHIRE","NORTH WEST","PR4 6HB","N","","LILFORD 2005 LIMITED","","Limited Company or Public Limited Company","JERSEY","Durrell House, 28 New Street, St Helier, Jersey","Napthens Solicitors 7 Winckley Square, Preston, Lancashire PR1 3JD","Acland Bracewell Surveyors Limited, The Barrons, Church Road, Tarleton, Preston, Lancashire PR4 6UP","","","","","","","","","","","","","","","","","","","","","","01-12-2006","N"
"LAN42933","Freehold","land on the west side of the River Douglas, Tarleton","WEST LANCASHIRE","LANCASHIRE","NORTH WEST","","N","","LILFORD 2005 LIMITED","","Limited Company or Public Limited Company","JERSEY","Durrell House, 28 New Street, St Helier, Jersey","Napthens Solicitors 7 Winckley Square, Preston, Lancashire PR1 3JD","Acland Bracewell Surveyors Limited, The Barrons, Church Road, Tarleton, Preston, Lancashire PR4 6UP","","","","","","","","","","","","","","","","","","","","","","01-12-2006","N"
"LAN43079","Freehold","51 The Gravel, Mere Brow (PR4 6JX)","WEST LANCASHIRE","LANCASHIRE","NORTH WEST","PR4 6JX","N","","LILFORD 2005 LIMITED","","Limited Company or Public Limited Company","JERSEY","Durrell House, 28 New Street, St Helier, Jersey","Napthens Solicitors 7 Winckley Square, Preston, Lancashire PR1 3JD","Acland Bracewell Surveyors Limited, The Barrons, Church Road, Tarleton, Preston, Lancashire PR4 6UP","","","","","","","","","","","","","","","","","","","","","","05-12-2006","N"
"LAN49341","Freehold","Land and buildings lying to the east side of Warton Road, Carnforth","LANCASTER","LANCASHIRE","NORTH WEST","","N","","AUSTRINGER LAND LIMITED","","Limited Company or Public Limited Company","BRITISH VIRGIN ISLANDS","Faraday Court, Faraday Drive, Fulwood, Preston PR2 9NB","","","","","","","","","","","","","","","","","","","","","","","","13-07-2015","N"
"K908903","Freehold","Istead Rise Surgery, Worcester Close, Istead Rise, Gravesend (DA13 9LB)","GRAVESHAM","KENT","SOUTH EAST","DA13 9LB","N","","MEDICX PROPERTIES V LIMITED","","Limited Company or Public Limited Company","GUERNSEY","Regency Court, Glategny Esplanade, St Peter Port, Guernsey, GY1 3RH","5 Godalming Business Centre, Woolsack Way, Godalming, Surrey GU7 1XW","","","","","","","","","","","","","","","","","","","","","","","16-11-2010","N"
"K908988","Freehold","Plot ITB31, Little Buds Farm, Darman Lane, Paddock Wood, Tonbridge","MAIDSTONE","KENT","SOUTH EAST","","N","","M/S MADA INVESTMENT","","Corporate Body","BAHRAIN","P.O. Box 20121, Diplomatic Area, Bahrain","","","","","","","","","","","","","","","","","","","","","","","","13-09-2006","N"
"K910728","Freehold","130 Mortimer Street, Herne Bay (CT6 5EE)","CANTERBURY","KENT","SOUTH EAST","CT6 5EE","N","","INDEPENDENT TRUSTEE COMPANY LIMITED","","Limited Company or Public Limited Company","IRELAND","Harmony Court, Harmony Row, Dublin","","","","","","","","","","","","","","","","","","","","","","","","16-07-2007","N"
"K914590","Freehold","Land at Alland Grange, Alland Grange Lane, Manston, Ramsgate","THANET","KENT","SOUTH EAST","","N","","OMEGA PROPERTIES LIMITED","","Limited Company or Public Limited Company","MALTA","19 Cavendish Square, London W1A 2AW","","","","","","","","","","","","","","","","","","","","","","","","27-12-2006","N"
"K918247","Freehold","LAND ADJOINING THE NORTHERN BOUNDARY OF Quince Cottage, Maidstone Road, Nettlestead, Maidstone (ME18 5HB)","MAIDSTONE","KENT","SOUTH EAST","ME18 5HB","N","","SOUTHERN QUEST (INTERNATIONAL) LIMITED","","Limited Company or Public Limited Company","GIBRALTAR","Kinnerton Place North, London SW1X 8EJ","5 New Street Square, London EC4A 3TW","","","","","","","","","","","","","","","","","","","","","","","15-08-2007","N"
"K856649","Freehold","land on the east side of Hill Road, Wouldham, Rochester","TONBRIDGE AND MALLING","KENT","SOUTH EAST","","N","","EDEN ROCK LAND TRANSFERS LIMITED","","Limited Company or Public Limited Company","GUERNSEY","The Rotunda, Royal Avenue, St. Peter Port, Guernsey, Channel Islands, GY1 2HL","4 Ashdown Court, Lewes Road, Forest Row RH18 5EZ","","","","","","","","","","","","","","","","","","","","","","","20-11-2015","N"
"K865152","Freehold","White Cottage, Flint Lane, Lenham, Maidstone (ME17 2EN)","MAIDSTONE","KENT","SOUTH EAST","ME17 2EN","N","400000","OLYMPIA HOMES LIMITED","","Limited Company or Public Limited Company","JERSEY","PO Box 236, First Island House, Peter Street, St Helier, Jersey, Channel Islands, JE4 8SG","","","","","","","","","","","","","","","","","","","","","","","","03-11-2010","N"
"K865574","Freehold","28 Lime Hill Road, Tunbridge Wells (TN1 1LL)","TUNBRIDGE WELLS","KENT","SOUTH EAST","TN1 1LL","N","","NEW ZEALAND TRUSTEE SERVICES (INTERNATIONAL) LIMITED","3204418","Limited Company or Public Limited Company","NEW ZEALAND","Level 1, 149-155 Parnell Road, Parnell, Auckland, New Zealand","4, Rue Des Armandiers, 11110 Salle D'Aude, France","","","","","","","","","","","","","","","","","","","","","","","29-05-2014","N"
"K867050","Leasehold","Flat 2, Little Burton Centre, Richmond Meech Drive, Ashford (TN24 9RX)","ASHFORD","KENT","SOUTH EAST","TN24 9RX","N","75000","CLAPHAM HOLDINGS LIMITED","","Limited Company or Public Limited Company","GIBRALTAR","David Tannen Services Limited, Sutherland House, 70-78 West Hendon Broadway, London NW9 7BT","57-63 Line Wall Road, PO Box 199, Gibraltar","","","","","","","","","","","","","","","","","","","","","","","10-03-2004","N"
"K867051","Leasehold","Flat 1, Little Burton Centre, Richmond Meech Drive, Ashford (TN24 9RX)","ASHFORD","KENT","SOUTH EAST","TN24 9RX","N","75000","CLAPHAM HOLDINGS LIMITED","","Limited Company or Public Limited Company","GIBRALTAR","David Tannen Services Limited, Sutherland House, 70-78 West Hendon Broadway, London NW9 7BT","57-63 Line Wall Road, PO Box 199, Gibraltar","","","","","","","","","","","","","","","","","","","","","","","10-03-2004","N"
"K869921","Freehold","15-16 Guildhall Street, Canterbury (CT1 2JG)","CANTERBURY","KENT","SOUTH EAST","CT1 2JG","N","","CHAUCER PROPERTY INVESTMENTS LIMITED","","Limited Company or Public Limited Company","JERSEY","26 New Street, St Helier, Jersey, JE2 3RA","","","","","","","","","","","","","","","","","","","","","","","","06-07-2018","N"
"K870259","Freehold","St Martins Court, High Street, Dover (CT16 1AE)","DOVER","KENT","SOUTH EAST","CT16 1AE","N","","FERNPOOL HOLDINGS LIMITED","","Limited Company or Public Limited Company","GIBRALTAR","13/1 Line Wall Road, Gibraltar, GX11 1AA","","","","","","","","","","","","","","","","","","","","","","","","28-09-2016","N"
"K871083","Leasehold","68 Richmond Meech Drive, Kennington, Ashford (TN24 9RF)","ASHFORD","KENT","SOUTH EAST","TN24 9RF","N","90000","CLAPHAM HOLDINGS LIMITED","","Limited Company or Public Limited Company","GIBRALTAR","David Tannen Services Limited, Sutherland House, 70-78 West Hendon Broadway, London NW9 7BT","57-63 Line Wall Road, PO Box 199, Gibraltar","","","","","","","","","","","","","","","","","","","","","","","18-06-2004","N"
"K871085","Leasehold","67 Richmond Meech Drive, Kennington, Ashford (TN24 9RF)","ASHFORD","KENT","SOUTH EAST","TN24 9RF","N","90000","CLAPHAM HOLDINGS LIMITED","","Limited Company or Public Limited Company","GIBRALTAR","David Tannen Services Limited, Sutherland House, 70-78 West Hendon Broadway, London NW9 7BT","57-63 Line Wall Road, PO Box 199, Gibraltar","","","","","","","","","","","","","","","","","","","","","","","18-06-2004","N"
"K879274","Freehold","Lordings Barn, Peening Quarter Road, Wittersham, Tenterden (TN30 7NP)","ASHFORD","KENT","SOUTH EAST","TN30 7NP","N","350000","TILSTON ENTERPRISES LIMITED","","Limited Company or Public Limited Company","ISLE OF MAN","19 Peel Road, Douglas, Isle Of Man, LM1 4LS","","","","","","","","","","","","","","","","","","","","","","","","14-12-2004","N"
"K887483","Freehold","171 Reculver Road, Herne Bay (CT6 6PX)","CANTERBURY","KENT","SOUTH EAST","CT6 6PX","N","","SIPL SAINTS PROPCO S.A R.L.","","Corporate Body","LUXEMBOURG","6 rue Dicks, L-1417, Luxembourg","","","","","","","","","","","","","","","","","","","","","","","","01-06-2018","N"
"K892615","Freehold","1 and 2 Little Burton Centre, 1-4 (inc) George Williams Way and 65-78 (inc) Richmond Meech Drive, Ashford","ASHFORD","KENT","SOUTH EAST","","N","","ORMSHILL PROPERTIES LIMITED","","Limited Company or Public Limited Company","GIBRALTAR","57/63 Line Wall Road, Gibraltar","David Tannen Services Limited, Sutherland House, 70/78 West Hendon Broadway, London NW9 7BT","","","","","","","","","","","","","","","","","","","","","","","03-11-2005","N"
"K905559","Leasehold","42 Kings Hill Avenue, Kings Hill, West Malling (ME19 4AJ)","TONBRIDGE AND MALLING","KENT","SOUTH EAST","ME19 4AJ","N","","LIBERTY PROPERTY LIMITED PARTNERSHIP","","Limited Company or Public Limited Company","PENNSYLVANIA, U.S.A.","The Control Tower, 29 Liberty Square, Kings Hill, West Malling, Kent ME19 4RG","","","","","","","","","","","","","","","","","","","","","","","","12-07-2006","N"
"BGL122310","Leasehold","Flat 23, Broadwalk House, 51 Hyde Park Gate, London (SW7 5DZ)","KENSINGTON AND CHELSEA","GREATER LONDON","GREATER LONDON","SW7 5DZ","N","","QIARANDO INVESTMENTS LIMITED","","Limited Company or Public Limited Company","BRITISH VIRGIN ISLANDS","Trust Offices, 197 Main Street, Road Town, Tortola, British Virgin Islands","","","","","","","","","","","","","","","","","","","","","","","","29-03-2016","N"
"BGL123214","Leasehold","Flat 4a, Warwick Mansions, Cromwell Crescent, London (SW5 9QR)","KENSINGTON AND CHELSEA","GREATER LONDON","GREATER LONDON","SW5 9QR","N","","FRENDSBURY LIMITED","","Limited Company or Public Limited Company","BRITISH VIRGIN ISLANDS","Flat 4a, Warwick Mansions, Cromwell Crescent, London SW5 9QR","","","","","","","","","","","","","","","","","","","","","","","","26-04-2016","N"
"BGL123755","Leasehold","Flat 7, Lord Kensington House, 5 Radnor Terrace, London (W14 8BU)","KENSINGTON AND CHELSEA","GREATER LONDON","GREATER LONDON","W14 8BU","N","1729000","SOMERSET CONSULTING LIMITED","","Limited Company or Public Limited Company","BRITISH VIRGIN ISLANDS","Akara Building, 24 De Castro Street, Wickhams Cay 1 Road Town, Tortola, British Virgin Islands","","","","","","","","","","","","","","","","","","","","","","","","16-05-2016","N"
"BGL124436","Leasehold","Flat 5, 51 Cadogan Square, London (SW1X 0HY)","KENSINGTON AND CHELSEA","GREATER LONDON","GREATER LONDON","SW1X 0HY","N","","KRISTENSEN HOLDINGS LIMITED","","Limited Company or Public Limited Company","BRITISH VIRGIN ISLANDS","Consortia Partnership, Channel House, Green Street, St Helier, Jersey, JE2 4UH","","","","","","","","","","","","","","","","","","","","","","","","13-06-2016","N"
"BGL124682","Leasehold","41, Higham House West, 102 Carnwath Road, London (SW6 3BJ)","HAMMERSMITH AND FULHAM","GREATER LONDON","GREATER LONDON","SW6 3BJ","N","652837","PINEWOOD INVESTMENTS LTD","","Limited Company or Public Limited Company","BELIZE","New Horizon Building , Ground Floor, 3 1/2 Miles, Phillip S W Goldson Highway, Belize City , Belize","","","","","","","","","","","","","","","","","","","","","","","","22-06-2016","N"
"BGL124932","Leasehold","Flat 11, Washington House, Basil Street, London (SW3 1AR)","KENSINGTON AND CHELSEA","GREATER LONDON","GREATER LONDON","SW3 1AR","N","","CADIX TRADING S.A.","","Corporate Body","PANAMA","51 South Audley Street, London W1K 2AA","","","","","","","","","","","","","","","","","","","","","","","","01-07-2016","N"
"BGL124986","Leasehold","Flat 43, Knightsbridge Court, Sloane Street, London (SW1X 9LJ)","KENSINGTON AND CHELSEA","GREATER LONDON","GREATER LONDON","SW1X 9LJ","N","","ITL TRUSTEES LIMITED","","Limited Company or Public Limited Company","MAURITIUS","Level 3 Alexander House, Cyber City, Ebene, 7221, Mauritius","50 Hans Crescent, London SW1X 0NA","","INTERCONTINENTAL TRUST LIMITED","","Limited Company or Public Limited Company","MAURITIUS","Level 3 Alexander House, Cyber City, Ebene, 7221, Mauritius","50 Hans Crescent, London SW1X 0NA","","","","","","","","","","","","","","","","05-07-2016","N"
"BGL125333","Leasehold","Flat 73, Huntsmore House, 35 Pembroke Road, London (W8 6LZ)","KENSINGTON AND CHELSEA","GREATER LONDON","GREATER LONDON","W8 6LZ","N","","WITHAM INVESTMENTS LIMITED","","Limited Company or Public Limited Company","BRITISH VIRGIN ISLANDS","ILS Fiduciary (BVI) Limited, Mill Mall, Suite 6, Wickham's Cay, PO Box 3085, Road Town, Tortola, British Virgin Islands","4th floor, Kings Suite, 15 College Road, Harrow HA1 1BA","","","","","","","","","","","","","","","","","","","","","","","18-07-2016","N"
"BGL125507","Leasehold","37, Ravilious House, 273 King Street, London (W6 9QF)","HAMMERSMITH AND FULHAM","GREATER LONDON","GREATER LONDON","W6 9QF","N","649000","TAITON ASSETS MANAGEMENT LIMITED","","Limited Company or Public Limited Company","BRITISH VIRGIN ISLANDS","Offshore Incorporation Limited, PO Box  957, Offshore Incorporation Centre, Road Town, Tortola, British Virgin Islands","","","","","","","","","","","","","","","","","","","","","","","","22-07-2016","N"
"BGL125508","Leasehold","First Floor, 161 Brompton Road, London (SW3 1QP)","KENSINGTON AND CHELSEA","GREATER LONDON","GREATER LONDON","SW3 1QP","N","","ALLIANZ CAPITAL PARTNERS GMBH","","Corporate Body","GERMANY","Theresienstr, 6-8, 80333, Munich, Germany","","","","","","","","","","","","","","","","","","","","","","","","22-07-2016","N"
"BGL125900","Leasehold","4 Ravensbourne Apartments, 5 Central Avenue, London (SW6 2GN)","HAMMERSMITH AND FULHAM","GREATER LONDON","GREATER LONDON","SW6 2GN","N","1720000","ALSTON LIMITED","","Limited Company or Public Limited Company","ISLE OF MAN","18-20 Le Pollet, St Peter Port, GY1 1WH, Guernsey","","","","","","","","","","","","","","","","","","","","","","","","08-08-2016","N"
"BGL126068","Leasehold","Flat 121, Pier House, 31 Cheyne Walk, London (SW3 5HN)","KENSINGTON AND CHELSEA","GREATER LONDON","GREATER LONDON","SW3 5HN","N","","TIANA INVESTMENTS CORPORATION","","Corporate Body","LIBERIA","Flat 21, Pier House, 31 Cheyne Walk, London SW3 5HG","","","","","","","","","","","","","","","","","","","","","","","","15-08-2016","N"
"BGL126194","Leasehold","Flat 31, Lord Kensington House, 5 Radnor Terrace, London (W14 8BU)","KENSINGTON AND CHELSEA","GREATER LONDON","GREATER LONDON","W14 8BU","N","1763200","GRASBERG INVESTMENT LIMITED","","Limited Company or Public Limited Company","BRITISH VIRGIN ISLANDS","325 Waterfront Drive, Omar Hodge Building, 2nd Floor, Wickhams Cay, Road Town, Tortola, British Virgin Islands","","","","","","","","","","","","","","","","","","","","","","","","22-08-2016","N"
"BGL126378","Leasehold","2 Cheyne Court, London (SW3 5TP)","KENSINGTON AND CHELSEA","GREATER LONDON","GREATER LONDON","SW3 5TP","N","","OZER INVESTMENTS LIMITED","","Limited Company or Public Limited Company","PANAMA","2 Cheyne Court, London SW3 5TP","Lionswood, 349 Caledonian Road, London N1 1DW","","","","","","","","","","","","","","","","","","","","","","","31-08-2016","N"
"BGL127109","Leasehold","Flat 16, 52 Pont Street, London (SW1X 0AE)","KENSINGTON AND CHELSEA","GREATER LONDON","GREATER LONDON","SW1X 0AE","N","2250000","BEACON UNION LIMITED","","Limited Company or Public Limited Company","BRITISH VIRGIN ISLANDS","Flat 16, 52 Pont Street, London SW1X 0AE","174 Brompton Road, London SW3 1HP","","","","","","","","","","","","","","","","","","","","","","","19-06-2017","N"
"BGL127197","Leasehold","Flat F Fifth Floor, 67 Harrington Gardens, London (SW7 4JZ)","KENSINGTON AND CHELSEA","GREATER LONDON","GREATER LONDON","SW7 4JZ","N","","ELM PARK ROAD LIMITED","","Limited Company or Public Limited Company","JERSEY","19-21 Broad Street, Jersey, JE1 3PB","","","","","","","","","","","","","","","","","","","","","","","","07-10-2016","N"
"BGL128612","Leasehold","Flat 12, Redlynch Court, 70 Addison Road, London (W14 8JG)","KENSINGTON AND CHELSEA","GREATER LONDON","GREATER LONDON","W14 8JG","N","","SALMA CAPITAL LIMITED","","Limited Company or Public Limited Company","BRITISH VIRGIN ISLANDS","197 Main Street, Po Box 3174, Road Town, Tortola, British Virgin Islands","59-60 Russell Square, London WC1B 4HP","","","","","","","","","","","","","","","","","","","","","","","06-12-2016","N"
"BGL128840","Leasehold","Parking Space 19, Kingfisher House 6, Melbury Road, London (W14 8LN)","KENSINGTON AND CHELSEA","GREATER LONDON","GREATER LONDON","W14 8LN","N","","GOLDEN ORIOLE LIMITED","","Limited Company or Public Limited Company","JERSEY","43 Welbeck Street, London W1G 8DX","","","","","","","","","","","","","","","","","","","","","","","","14-12-2016","N"
"BGL129820","Leasehold","Flat 22, 23 Faraday Road, London (W10 5PJ)","KENSINGTON AND CHELSEA","GREATER LONDON","GREATER LONDON","W10 5PJ","N","885000","PARTHENOPE LIMITED","","Limited Company or Public Limited Company","GUERNSEY","Flat 22, 23 Faraday Road, London W10 5PJ","","","","","","","","","","","","","","","","","","","","","","","","27-01-2017","N"
"BGL130047","Leasehold","First Floor Flat, 47 Barton Road, London (W14 9HB)","HAMMERSMITH AND FULHAM","GREATER LONDON","GREATER LONDON","W14 9HB","N","","HUME BROPHY COMMUNICATIONS","","Unlimited Company","IRELAND","32 Merrion Street, Dublin 2, Ireland","","","","","","","","","","","","","","","","","","","","","","","","06-02-2017","N"
"BGL130352","Leasehold","Flat 4, 77-79 Southern Row, London (W10 5AL)","KENSINGTON AND CHELSEA","GREATER LONDON","GREATER LONDON","W10 5AL","N","775000","DORRINGTON WORLDWIDE LIMITED","","Limited Company or Public Limited Company","BRITISH VIRGIN ISLANDS","Unit, 2 Capital Business Park, Manor Way, Borehamwood WD6 1GW","","","","","","","","","","","","","","","","","","","","","","","","16-02-2017","N"
"BGL130661","Leasehold","73 Holland Park, London (W11 3SL)","KENSINGTON AND CHELSEA","GREATER LONDON","GREATER LONDON","W11 3SL","N","","POONAWALLA ESTATES INCORPORATED","","Corporate Body","BRITISH VIRGIN ISLANDS","Chemin de Trois-Portes II, 2000 Neuchatel, Switzerland","","","","","","","","","","","","","","","","","","","","","","","","10-10-2017","N"
"BGL130674","Freehold","basement vaults at 117 Kensington Church Street, London (W8 7LN)","KENSINGTON AND CHELSEA","GREATER LONDON","GREATER LONDON","W8 7LN","N","","HEATHERSTONE PROPERTIES LIMITED","","Limited Company or Public Limited Company","JERSEY","One The Esplanade, St Helier, Jersey, Je2 3qu","","","","","","","","","","","","","","","","","","","","","","","","28-02-2017","N"
"BGL130765","Leasehold","Basement Wine Bin 21, Cheyne Terrace, 79 Chelsea Manor Street, London (SW3 5QP)","KENSINGTON AND CHELSEA","GREATER LONDON","GREATER LONDON","SW3 5QP","N","","IREZA BUSINESS INC.","","Corporate Body","BRITISH VIRGIN ISLANDS","Apartment 4, 79b Chelsea Manor Street, London SW3 5QP","","","","","","","","","","","","","","","","","","","","","","","","06-03-2017","N"
"BGL130986","Leasehold","Flat 14, 52-58 Pont Street, London (SW1X 0AE)","KENSINGTON AND CHELSEA","GREATER LONDON","GREATER LONDON","SW1X 0AE","N","","TROPIC VIEW INVESTMENTS LIMITED","","Limited Company or Public Limited Company","BRITISH VIRGIN ISLANDS","63 Greencroft Gardens, London NW6 3LJ","","","","","","","","","","","","","","","","","","","","","","","","13-03-2017","N"
"BGL130994","Leasehold","Flat H, Southwell House, 34-36 Egerton Gardens, London (SW3 2DB)","KENSINGTON AND CHELSEA","GREATER LONDON","GREATER LONDON","SW3 2DB","N","","ETON PROPERTIES LIMITED","","Limited Company or Public Limited Company","ISLE OF MAN","Farleigh House, Palace Road, Douglas, Isle Of Man, IM2 4LB","","","","","","","","","","","","","","","","","","","","","","","","13-03-2017","N"
"BGL131289","Leasehold","Loft Space, 57 Fitzjames Avenue, London (W14 0RR)","HAMMERSMITH AND FULHAM","GREATER LONDON","GREATER LONDON","W14 0RR","N","","LONDICAY","","Corporate Body","CAYMAN ISLANDS","Ground Floor Harbour Centre, PO Box 1569, George Town, Grand Cayman, KY1-1110, Cayman Islands","Pinnacle House, 17 Hartfield Road, London SW19 3SE","","","","","","","","","","","","","","","","","","","","","","","13-03-2017","N"
"BGL131679","Freehold","390 Cranbrook Road and 39 Frinton Mews, Ilford","REDBRIDGE","GREATER LONDON","GREATER LONDON","","N","453000","PLATINUM INVESTMENT COMPANY INC","","Unlimited Company","SEYCHELLES","2nd Floor, 27 Gloucester Place, London W1U 8HU","","","","","","","","","","","","","","","","","","","","","","","","06-04-2017","N"
"BGL132086","Leasehold","Flat 19, 1-2 Embankment Gardens, London (SW3 4LH)","KENSINGTON AND CHELSEA","GREATER LONDON","GREATER LONDON","SW3 4LH","N","","SOMATOP LIMITED","","Limited Company or Public Limited Company","ST KITTS AND NEVIS","Flat 19, 1-2 Embankment Gardens, London SW3 4LH","","","","","","","","","","","","","","","","","","","","","","","","26-04-2017","N"
"BGL132258","Leasehold","Flat 5, 59-61 Pont Street, London (SW1X 0BD)","KENSINGTON AND CHELSEA","GREATER LONDON","GREATER LONDON","SW1X 0BD","N","","HARMONY TEAM LIMITED","","Limited Company or Public Limited Company","BRITISH VIRGIN ISLANDS","Flat 5, 61 Pont Street, London SW1X 0BD","3rd Floor, Omar Hodge Building, Wickhams Cay I, Road Town Tortola, British Virgin Islands","","","","","","","","","","","","","","","","","","","","","","","05-05-2017","N"
"BGL132484","Freehold","23a Cadogan Square, London (SW1X 0HU)","KENSINGTON AND CHELSEA","GREATER LONDON","GREATER LONDON","SW1X 0HU","N","","SKE INVESTMENTS LIMITED","","Limited Company or Public Limited Company","BRITISH VIRGIN ISLANDS","Geneva Place, Waterfront Drive, PO Box 3469, Road Town, Tortola, British Virgin Islands","","","","","","","","","","","","","","","","","","","","","","","","12-05-2017","N"
"BGL132934","Leasehold","3a Bronsart Road, London (SW6 6AJ)","HAMMERSMITH AND FULHAM","GREATER LONDON","GREATER LONDON","SW6 6AJ","N","","PLOVER INVESTMENTS LIMITED","","Limited Company or Public Limited Company","GUERNSEY","Dorey Court, Admiral Park, St Peters Port, Guernsey, Channel Islands","","","","","","","","","","","","","","","","","","","","","","","","02-06-2017","N"
"BGL133181","Leasehold","Suite 12, 2 Station Court, Townmead Road, London (SW6 2PY)","HAMMERSMITH AND FULHAM","GREATER LONDON","GREATER LONDON","SW6 2PY","N","","CLANWILLIAM HEALTH LIMITED","","Limited Company or Public Limited Company","IRELAND","3094 Lake Drive, Citywest Business Campus, Dublin 24, Ireland","","","","","","","","","","","","","","","","","","","","","","","","13-06-2017","N"
"BGL133691","Leasehold","Flat 8, 76-78 Cadogan Place, London (SW1X 9RP)","KENSINGTON AND CHELSEA","GREATER LONDON","GREATER LONDON","SW1X 9RP","N","","PALISANDER FINANCE AND TRADE INC","","Corporate Body","PANAMA","6 Agar Street, London WC2N 4HN","","","","","","","","","","","","","","","","","","","","","","","","05-07-2017","N"
"BGL134646","Leasehold","Flat 4, 8 Palace Gate, London (W8 5NF)","KENSINGTON AND CHELSEA","GREATER LONDON","GREATER LONDON","W8 5NF","N","3600000","KMR PROPERTIES LIMITED","","Limited Company or Public Limited Company","BRITISH VIRGIN ISLANDS","40 Welbeck Street, London W1G 8LN","DX9074, West End","Flat 4, 8 Palace Gate, London W8 5NF","","","","","","","","","","","","","","","","","","","","","","14-08-2017","N"
"BGL134746","Freehold","206 Kensington Church Street, London (W8 4DP)","KENSINGTON AND CHELSEA","GREATER LONDON","GREATER LONDON","W8 4DP","N","4500000","CHESTNUT ESTATES LIMITED","","Limited Company or Public Limited Company","BRITISH VIRGIN ISLANDS","4th Floor, Millbank Tower, 21-24 Millbank, London SW1P 4QP","","","","","","","","","","","","","","","","","","","","","","","","17-08-2017","N"
"BGL134953","Leasehold","Car Parking Space 8, Henry Moore Court, Manresa Road, London (SW3 6LS)","KENSINGTON AND CHELSEA","GREATER LONDON","GREATER LONDON","SW3 6LS","N","120000","FINITE PROPERTIES INVESTMENT LIMITED","","Limited Company or Public Limited Company","JERSEY","Equity Trust House, 28-30 The Parade, St Helier, Jersey, JE1 1EQ","","","","","","","","","","","","","","","","","","","","","","","","30-08-2017","N"
"BGL135209","Leasehold","Flat 3, Dalmeny House, 9 Thurloe Place, London (SW7 2RY)","KENSINGTON AND CHELSEA","GREATER LONDON","GREATER LONDON","SW7 2RY","N","2870000","G1 SRL","","Corporate Body","ITALY","Via Zamboni 4-25050, Passirano, Italy","","","","","","","","","","","","","","","","","","","","","","","","08-09-2017","N"
"BGL135375","Leasehold","Flat 14, Roberts Court, 45 Barkston Gardens, London (SW5 0ES)","KENSINGTON AND CHELSEA","GREATER LONDON","GREATER LONDON","SW5 0ES","N","","CITY SALES LIMITED","","Limited Company or Public Limited Company","GIBRALTAR","City Tower, Level 4, 40 Basinghall Street, London EC2V 5DE","","","","","","","","","","","","","","","","","","","","","","","","15-09-2017","N"
"BGL135654","Leasehold","137-139 Notting Hill Gate, London (W11 3LB)","KENSINGTON AND CHELSEA","GREATER LONDON","GREATER LONDON","W11 3LB","N","2500000","BEACHCRAFT PROPERTIES LIMITED","","Limited Company or Public Limited Company","BRITISH VIRGIN ISLANDS","41 The Broadway, Joel Street, Northwood HA6 1NZ","","","","","","","","","","","","","","","","","","","","","","","","27-09-2017","N"
"BGL135765","Leasehold","Flat 31, Crown Lodge, 12 Elystan Street, London (SW3 3PP)","KENSINGTON AND CHELSEA","GREATER LONDON","GREATER LONDON","SW3 3PP","N","","FARRINGDON HOLDINGS LIMITED","","Limited Company or Public Limited Company","BRITISH VIRGIN ISLANDS","PO Box 71, Craigmuir Chambers, Road Town, Tortola, British Virgin Islands","","","","","","","","","","","","","","","","","","","","","","","","03-10-2017","N"
"BGL136013","Freehold","137-139 Notting Hill Gate, London (W11 3LB)","KENSINGTON AND CHELSEA","GREATER LONDON","GREATER LONDON","W11 3LB","N","2700000","PML LIMITED","","Limited Company or Public Limited Company","BAHAMAS","8 Hanover Square, London W1S 1HQ","Lyford Manor, Lyford Cay, Western Road, Island Of New Providence, Bahamas","","","","","","","","","","","","","","","","","","","","","","","20-06-2018","N"
"BGL136016","Leasehold","3, Parkside, Ravenscourt Park, London (W6 0UU)","HAMMERSMITH AND FULHAM","GREATER LONDON","GREATER LONDON","W6 0UU","N","745000","SHINISH LIMITED","","Limited Company or Public Limited Company","JERSEY","Gaspe House, 66-72 Esplanade, St Helier, Jersey, Channel Islands, JE2 3QT","Cumberland House, 24-28 Baxter Avenue, Southend-On-Sea SS2 6HZ","","","","","","","","","","","","","","","","","","","","","","","13-10-2017","N"
"BGL136020","Leasehold","4, Parkside, Ravenscourt Park, London (W6 0UU)","HAMMERSMITH AND FULHAM","GREATER LONDON","GREATER LONDON","W6 0UU","N","784000","SHINISH LIMITED","","Limited Company or Public Limited Company","JERSEY","Gaspe House, 66-72 Espanade, St Helier, Jersey, Channel Islands, JE2 3QT","Cumberland House, 24-28 Baxter Avenue, Southend-On-Sea SS2 6HZ","","","","","","","","","","","","","","","","","","","","","","","13-10-2017","N"
"BGL136922","Leasehold","Flat 1, 37 Cadogan Place, London (SW1X 9RX)","KENSINGTON AND CHELSEA","GREATER LONDON","GREATER LONDON","SW1X 9RX","N","","MINOAN M LIMITED","","Limited Company or Public Limited Company","GUERNSEY","Flat 1, 37 Cadogan Place, London SW1X 9RX","","","","","","","","","","","","","","","","","","","","","","","","16-11-2017","N"
"ST311578","Freehold","Plot A, Bath Business Park, Eckweek Lane, Peasedown St John, Bath (BA2 8SG)","BATH AND NORTH EAST SOMERSET","BATH AND NORTH EAST SOMERSET","SOUTH WEST","BA2 8SG","N","","CARISBROOKE ROAD LIMITED","","Limited Company or Public Limited Company","BRITISH VIRGIN ISLANDS","Faringdon Road, Cumnor, Oxford OX2 9RE","","","","","","","","","","","","","","","","","","","","","","","","21-02-2014","N"
"ST312220","Freehold","Land on the north side of Lower Bristol Road, Bath","BATH AND NORTH EAST SOMERSET","BATH AND NORTH EAST SOMERSET","SOUTH WEST","","N","","LTS TWERTON BATH S.A.R.L.","","Corporate Body","LUXEMBOURG","1-3 Boulevard do la Foire, L-1528, Luxembourg","","","","","","","","","","","","","","","","","","","","","","","","04-03-2016","N"
"ST317437","Freehold","Land at Brent Broad, Burnham-On-Sea","SEDGEMOOR","SOMERSET","SOUTH WEST","","N","","ESTERA TRUST (JERSEY) LIMITED","","Limited Company or Public Limited Company","JERSEY","13-14 Esplanade, St Helier, Jersey, JE1 1EE","","","","","","","","","","","","","","","","","","","","","","","","06-12-2016","N"
"ST318729","Freehold","101-124 Mizzen Court, Portishead, Bristol (BS20 7QL)","NORTH SOMERSET","NORTH SOMERSET","SOUTH WEST","BS20 7QL","N","","ABACUS LAND 4 LIMITED","","Limited Company or Public Limited Company","GUERNSEY","Third Floor, La Plaiderie Chambers, St Peter Port, Guernsey, GY1 1WG","","","","","","","","","","","","","","","","","","","","","","","","08-06-2017","N"
"ST324237","Leasehold","1a, 1-2 Pulteney Bridge, Bath (BA2 4AX)","BATH AND NORTH EAST SOMERSET","BATH AND NORTH EAST SOMERSET","SOUTH WEST","BA2 4AX","N","","THE ORVIS COMPANY INC","FC012658","Unlimited Company","VERMONT, U.S.A.","178 Conservation Way, Sunderland, Vermont, VT05250, United States of America","Clearwater House, Unit 28, North Way, Andover SP10 5RW","","","","","","","","","","","","","","","","","","","","","","","10-11-2015","N"
"ST325197","Leasehold","28 South Drive, Sandhill Park, Bishops Lydeard, Taunton (TA4 3DQ)","TAUNTON DEANE","SOMERSET","SOUTH WEST","TA4 3DQ","N","395000","DOWNTON ESTATES LIMITED","","Limited Company or Public Limited Company","GUERNSEY","Martello Court, Admiral Park, St Peter Port, Guernsey, GY1 3HB","","","","","","","","","","","","","","","","","","","","","","","","17-12-2015","N"
"ST327059","Freehold","Land on the west side of Winterstoke Road, Weston-super-Mare","NORTH SOMERSET","NORTH SOMERSET","SOUTH WEST","","N","","LIDL U.K. GMBH","FC017929","Unlimited Company","GERMANY","19 Worple Road, London SW19 4JS","","","","","","","","","","","","","","","","","","","","","","","","23-03-2016","N"
"ST327538","Leasehold","4 The Mews, Victoria Bridge Road, Bath (BA2 3FS)","BATH AND NORTH EAST SOMERSET","BATH AND NORTH EAST SOMERSET","SOUTH WEST","BA2 3FS","N","","ESM PROPERTIES LIMITED","","Limited Company or Public Limited Company","JERSEY","Eden House, Le Mont Sohier, St. Brelade, Jersey JE3 8EA","","","","","","","","","","","","","","","","","","","","","","","","14-04-2016","N"
"SX107717","Freehold","Gore Hill House, Haslingbourne Lane, Petworth (GU28 0JJ)","CHICHESTER","WEST SUSSEX","SOUTH EAST","GU28 0JJ","N","","CHANCERY CORPORATE SERVICES LIMITED","","Limited Company or Public Limited Company","BARBADOS","Chancery House, High Street, Bridgetown, Barbados, Bb11128","","","","","","","","","","","","","","","","","","","","","","","","15-05-2013","Y"
"SX116940","Freehold","29 Coleridge Crescent, Goring By Sea, Worthing  and garage (BN12 6LU)","WORTHING","WEST SUSSEX","SOUTH EAST","BN12 6LU","N","182000","PATRICROFT INVESTMENTS LIMITED","","Limited Company or Public Limited Company","GIBRALTAR","57 Line Wall Road, Gibraltar","Vallance Hall, Hove Street, Hove, East Sussex BN3 2GL","","","","","","","","","","","","","","","","","","","","","","","27-07-2007","N"
"SX131441","Freehold","Kohlee, Brighton Road, Woodmancote, Henfield (BN5 9SS)","HORSHAM","WEST SUSSEX","SOUTH EAST","BN5 9SS","N","","CONSORTIA TRUSTEES LIMITED","","Limited Company or Public Limited Company","JERSEY","3rd Floor, Standard Bank House, 47-49 La Motte Street, St. Helier, Jersey, JE2 4SZ","","","","","","","","","","","","","","","","","","","","","","","","21-02-2012","Y"
"SX131568","Freehold","45 Devonshire Road, Bexhill-On-Sea (TN40 1BD)","ROTHER","EAST SUSSEX","SOUTH EAST","TN40 1BD","N","","MAPELEY COLUMBUS LIMITED","","Limited Company or Public Limited Company","BERMUDA","Cambridge House, 47 Clarendon Road, Watford WD17 1HN","","","","","","","","","","","","","","","","","","","","","","","","05-08-2000","N"
"SX141856","Freehold","land on the west side of Chandler Road, Bexhill on Sea","ROTHER","EAST SUSSEX","SOUTH EAST","","N","32411","ADRIATIC LAND 4 LIMITED","","Limited Company or Public Limited Company","GUERNSEY","Mont Crevelt House, Bulwer Avenue, St Sampson, Guernsey, GY2 4LH","Richmond House, 1a Heath Road, Hale, Altrincham WA14 2XP","","","","","","","","","","","","","","","","","","","","","","","13-07-2016","N"
"SX145306","Freehold","land adjoining 5 St Catherines Terrace, Hove (BN3 2RR)","BRIGHTON AND HOVE","BRIGHTON AND HOVE","SOUTH EAST","BN3 2RR","N","","LINEAR HOLDINGS LIMITED","","Limited Company or Public Limited Company","BRITISH VIRGIN ISLANDS","2 Crane Court, Fleet Street, London EC4A 2BL","","","","","","","","","","","","","","","","","","","","","","","","06-03-2007","N"
"SX150429","Freehold","187 Lower Church Road, Burgess Hill (RH15 9AA)","MID SUSSEX","WEST SUSSEX","SOUTH EAST","RH15 9AA","N","","HELM TRUST COMPANY LIMITED","","Limited Company or Public Limited Company","JERSEY","1st Floor, 17 Bond Street, St Helier, Jersey, JE2 3NP","","","","","","","","","","","","","","","","","","","","","","","","02-06-2014","N"
"SX153078","Freehold","32 and 33 Western Road and 43 and 44 Clarence Square, Brighton (BN1 2EB)","BRIGHTON AND HOVE","BRIGHTON AND HOVE","SOUTH EAST","BN1 2EB","N","","MOSTA LIMITED","","Limited Company or Public Limited Company","MALTA","33 St.Barbara Bastion, Valletta, VLT1961, Malta","","","","","","","","","","","","","","","","","","","","","","","","10-04-2012","N"
"SX153178","Freehold","13, 13A, 14 and 14A North Street, Brighton","BRIGHTON AND HOVE","BRIGHTON AND HOVE","SOUTH EAST","","N","","REDEVCO UK 1 BV","","Corporate Body","NETHERLANDS","Wibautstraat 224, 1097DN, Amsterdam, Netherlands","1 James Street, London W1U 1DR","","","","","","","","","","","","","","","","","","","","","","","26-06-2015","N"
"SX153878","Leasehold","Flat 3, 243 Dyke Road, Hove, (BN3 6PA)","BRIGHTON AND HOVE","BRIGHTON AND HOVE","SOUTH EAST","BN3 6PA","N","","FAIRHOMES BRIGHTON LIMITED","","Limited Company or Public Limited Company","GIBRALTAR","Medex, 4 Denne Road, Horsham, W Sussex, RH12 1JE","","","","","","","","","","","","","","","","","","","","","","","","22-04-2003","N"
"SY101082","Freehold","Venture House, 65 Davis Road, Chessington (KT9 1TT)","KINGSTON UPON THAMES","GREATER LONDON","GREATER LONDON","KT9 1TT","N","","AYLESBURY LIMITED","","Limited Company or Public Limited Company","BRITISH VIRGIN ISLANDS","62 Beresford Street, Woolwich, London SE18 6BG","","","","","","","","","","","","","","","","","","","","","","","","24-12-2003","N"
"SY110199","Freehold","43 Church Street, Weybridge (KT13 8DG)","ELMBRIDGE","SURREY","SOUTH EAST","KT13 8DG","N","400000","GLENDUFF LIMITED","","Limited Company or Public Limited Company","JERSEY","39 - 41 Broad Street, St Helier, Jersey, JE4 8PU","1 Canada Road, Byfleet, West Byfleet, Surrey KT14 7JL","","","","","","","","","","","","","","","","","","","","","","","14-05-2010","N"
"SY111247","Freehold","240-262 Cannon Hill Lane, London (SW20 9HN)","MERTON","GREATER LONDON","GREATER LONDON","SW20 9HN","N","","OMONVILLE PROPERTIES LIMITED","","Limited Company or Public Limited Company","ISLE OF MAN","22-24 Worple Road, London SW19 4DD","","","","","","","","","","","","","","","","","","","","","","","","25-01-2000","N"
"SY112621","Freehold","16 Southwood Avenue, Kingston Upon Thames (KT2 7HD)","KINGSTON UPON THAMES","GREATER LONDON","GREATER LONDON","KT2 7HD","N","","ASCOT ASSETS LIMITED","","Limited Company or Public Limited Company","BRITISH VIRGIN ISLANDS","325 Waterfront Drive, 2nd Floor , Omar Hodge Building, Wickhams Cay, Road Town, Tortola, British Virgin Islands","","","","","","","","","","","","","","","","","","","","","","","","","N"
"SY117991","Freehold","36 Lyndhurst Avenue, London (SW16 4UF)","MERTON","GREATER LONDON","GREATER LONDON","SW16 4UF","N","","MARZ INVESTMENTS LIMITED","","Limited Company or Public Limited Company","JERSEY","PO Box 36, Sommerville House, Phillips Street, St Helier, Jersey, JE4 9NU","","","","","","","","","","","","","","","","","","","","","","","","19-07-2018","N"
"SY122752","Freehold","The Confectionery Store, 1 Philanthropic Road, Reigate (RH1 4DN)","REIGATE AND BANSTEAD","SURREY","SOUTH EAST","RH1 4DN","N","","TORORAL PTY LIMITED","","Limited Company or Public Limited Company","AUSTRALIA","15 Labourham Way, Cheddar, Somerset BS27 3XJ","","","","","","","","","","","","","","","","","","","","","","","","05-06-2003","Y"
"SY127369","Freehold","39 High Street, Reigate (RH2 9AE)","REIGATE AND BANSTEAD","SURREY","SOUTH EAST","RH2 9AE","N","","WOODSER INVESTMENTS LIMITED","","Limited Company or Public Limited Company","SEYCHELLES","Second Floor, 27 Gloucester Place, London W1U 8HU","","","","","","","","","","","","","","","","","","","","","","","","29-11-2011","N"
"SY132236","Freehold","76 and 76A Cambridge Road, Kingston Upon Thames (KT1 3NA)","KINGSTON UPON THAMES","GREATER LONDON","GREATER LONDON","KT1 3NA","N","","AK II PROPERTY INVESTMENTS LIMITED","","Limited Company or Public Limited Company","GUERNSEY","Unit, 10 Bickels Yard, 151-153 Bermondsey Street, London SE1 3HA","PO Box 41, Floor 2, Le Marchant House, Le Trouchot, Guernsey, GY1 3BE","","","","","","","","","","","","","","","","","","","","","","","13-08-2014","N"
"SY133266","Freehold","Penarth Court, 2 Devonshire Avenue, Sutton (SM2 5LA)","SUTTON","GREATER LONDON","GREATER LONDON","SM2 5LA","N","","ABACUS LAND 4 LIMITED","","Limited Company or Public Limited Company","GUERNSEY","Third Floor, La Plaiderie Chambers, St Peter Port, Guernsey, GY1 1WG","","","","","","","","","","","","","","","","","","","","","","","","06-06-2017","N"
"SY143580","Freehold","Boxlands, London Road, Dorking","MOLE VALLEY","SURREY","SOUTH EAST","","N","","DUNEPARK ASSOCIATES CORPORATION","","Corporate Body","BRITISH VIRGIN ISLANDS","Burton Woolf & Turk, 22- 24 Ely Place, London EC1N 6TE","","","","","","","","","","","","","","","","","","","","","","","","11-01-2000","N"
"SY144631","Freehold","Hamstone House, South Ridge, St George's Hill, Weybridge (KT13 0NF)","ELMBRIDGE","SURREY","SOUTH EAST","KT13 0NF","N","","EDENFIELD INVESTMENTS LIMITED","","Limited Company or Public Limited Company","CYPRUS","(reference Graham Bonham Carter) 5 Belgrave Mews North, London SW1X","5 Belgrave Square, London SW1X 8PH","(reference Mr Pavel Ezoubov) 23/3 Bolshaya Polyanka Street, Moscow, Russia","","","","","","","","","","","","","","","","","","","","","","21-09-2001","N"
"SY154851","Freehold","Woodpeckers, Pachesham Park, Leatherhead (KT22 0DJ)","MOLE VALLEY","SURREY","SOUTH EAST","KT22 0DJ","N","2700000","KENAI LIMITED","","Limited Company or Public Limited Company","ISLE OF MAN","1st Floor, Court Row Chambers, Court Row, Ramsey, Isle Of Man, IM8 1JS","","","","","","","","","","","","","","","","","","","","","","","","19-10-2017","N"
"SY156997","Freehold","land and building on the south side of Red House Road, Beddington","SUTTON","GREATER LONDON","GREATER LONDON","","N","","TOWNSIDE INVESTMENTS LIMITED","","Limited Company or Public Limited Company","BRITISH VIRGIN ISLANDS","Unit G, Redhouse Road Industrial Estate, Croydon CR0 3AQ","Lynton House, 7-12 Tavistock Square, London WC1H 9BQ","","","","","","","","","","","","","","","","","","","","","","","27-06-2005","N"
"SY161729","Freehold","part of 114 High Street, Sutton (SM1 1LT)","SUTTON","GREATER LONDON","GREATER LONDON","SM1 1LT","N","","GATSBY CAPITAL 3 LIMITED","","Limited Company or Public Limited Company","JERSEY","29 Broad Street, St Helier, Jersey, JE2 3RR","","","","","","","","","","","","","","","","","","","","","","","","24-02-2015","N"
"SY163407","Freehold","8 Wheatsheaf Close, Ottershaw, Chertsey (KT16 0JA)","RUNNYMEDE","SURREY","SOUTH EAST","KT16 0JA","N","","RBC TRUSTEES (CI) LIMITED","","Limited Company or Public Limited Company","JERSEY","Gaspe House, 66-72 Esplanade, St Helier, Jersey, Channel Islands, JE2 3QT","","","","","","","","","","","","","","","","","","","","","","","","28-07-2004","N"
"SY164054","Freehold","197 London Road","KINGSTON UPON THAMES","GREATER LONDON","GREATER LONDON","","N","","SHELL SERVICE STATION PROPERTIES LIMITED","","Limited Company or Public Limited Company","JERSEY","Shell Centre, London SE1 7NA","","","","","","","","","","","","","","","","","","","","","","","","09-02-2012","N"
"SY167919","Freehold","280 Kew Road, Kew (TW9 3EE)","RICHMOND UPON THAMES","GREATER LONDON","GREATER LONDON","TW9 3EE","N","","SWALA INVESTMENTS LIMITED","","Limited Company or Public Limited Company","BERMUDA","The Bank of Bermuda Building, 6 Front Street, Hamilton, HM 11, Bermuda","","","","","","","","","","","","","","","","","","","","","","","","12-03-2010","N"
"SY183616","Freehold","5 Gibbon Mews, Gibbon Road, Kingston Upon Thames (KT2 6GX)","KINGSTON UPON THAMES","GREATER LONDON","GREATER LONDON","KT2 6GX","N","105000","MJW INVESTMENTS LLC","","Corporate Body","CONNECTICUT, U.S.A.","7 Waungron Road, Llandaff, Cardiff CF5 2JJ","","","","","","","","","","","","","","","","","","","","","","","","20-08-2004","N"
"SY198296","Freehold","Foresters, Keepers Walk, Wentworth, Virginia Water","RUNNYMEDE","SURREY","SOUTH EAST","","N","","CYBER WIN DEVELOPMENT LIMITED","","Limited Company or Public Limited Company","BRITISH VIRGIN ISLANDS","Howard Kennedy, 19 Cavendish Square, London W1A 2AW (Ref: RAB1)","","","","","","","","","","","","","","","","","","","","","","","","21-08-2000","N"
"SY200065","Freehold","57 Penge Road, London (SE25 4EJ)","CROYDON","GREATER LONDON","GREATER LONDON","SE25 4EJ","N","","ROCHDALE MANAGEMENT LTD","","Limited Company or Public Limited Company","SEYCHELLES","114 Balham High Road, London SW12 9AA","","","","","","","","","","","","","","","","","","","","","","","","23-01-2015","N"
"SY200853","Freehold","61 York Road, Guildford (GU1 4DG)","GUILDFORD","SURREY","SOUTH EAST","GU1 4DG","N","","HUNSLET PROPERTIES LIMITED","","Limited Company or Public Limited Company","JERSEY","1 Chateau de la Mer, Havre des Pas, St Helier, Jersey, JE2 4UL","","","","","","","","","","","","","","","","","","","","","","","","04-07-2007","N"
"SY203608","Freehold","2 to 10 (Even numbers) High Street, Merstham (RH1 3EA)","REIGATE AND BANSTEAD","SURREY","SOUTH EAST","RH1 3EA","N","","OAKLAND DEVELOPMENTS ASSETS LTD","","Limited Company or Public Limited Company","BRITISH VIRGIN ISLANDS","Man, British Isles, IM1 1JD","","","","","","","","","","","","","","","","","","","","","","","","01-08-2005","N"
"SY205391","Freehold","land lying to the west of Combe Lane, Witley","WAVERLEY","SURREY","SOUTH EAST","","N","","WHITE CRANE HOLDING LIMITED","","Limited Company or Public Limited Company","BRITISH VIRGIN ISLANDS","10 Lower Common South, London SW15 1BP","31 Hill Street, London W1J 5LS","","","","","","","","","","","","","","","","","","","","","","","26-11-2015","N"
"SY207437","Freehold","176 to 186 (even) High Street, Dorking (RH4 1QR)","MOLE VALLEY","SURREY","SOUTH EAST","RH4 1QR","N","","QUADRON ASSOCIATION INC","","Corporate Body","BAHAMAS","114 Balham High Road, London, SW12 9AA","","","","","","","","","","","","","","","","","","","","","","","","07-12-2000","N"
"SY207995","Freehold","50, 52 and 54 High Street, Epsom","EPSOM AND EWELL","SURREY","SOUTH EAST","","N","2000000","CEPF II METEOR INVESTMENTS S.A.R.L","","Corporate Body","LUXEMBOURG","14 Rue Edward Steichen, L-2540, Luxembourg, Grand Duchy of Luxembourg","","","","","","","","","","","","","","","","","","","","","","","","27-01-2017","N"
"SY214640","Freehold","194 Kew Road, Richmond (TW9 2AS)","RICHMOND UPON THAMES","GREATER LONDON","GREATER LONDON","TW9 2AS","N","1525000","MARLBOROUGH PENSION TRUSTEES LIMITED","","Limited Company or Public Limited Company","GUERNSEY","PO Box 19, Richmond House, Ann's Place, St Peter's Port, Guernsey, GY1 3AJ","","","","","","","","","","","","","","","","","","","","","","","","09-03-2016","N"
"SY215432","Freehold","Ormeley Lodge, Ham Gate Avenue, Richmond (TW10 5HB)","RICHMOND UPON THAMES","GREATER LONDON","GREATER LONDON","TW10 5HB","N","","ORMELEY HOLDINGS LIMITED","44675","Corporate Body","CAYMAN ISLANDS","Swan House, Madeira Walk, Windsor, Berkshire SL4 1EU","","","","","","","","","","","","","","","","","","","","","","","","09-08-1993","N"
"SY218702","Freehold","Fox Haven, The Glade, Kingswood, Tadworth (KT20 6LH)","REIGATE AND BANSTEAD","SURREY","SOUTH EAST","KT20 6LH","N","875000","TABBAH (PTC) LIMITED","","Limited Company or Public Limited Company","BRITISH VIRGIN ISLANDS","Foxhaven, The Glade, Kingswood, Tadworth KT20 6LH","","","","","","","","","","","","","","","","","","","","","","","","16-10-2013","N"
"SY219430","Freehold","74 Mytchett Road, Mytchett, Camberley (GU16 6EZ)","SURREY HEATH","SURREY","SOUTH EAST","GU16 6EZ","N","","ANNOU HOLDINGS LIMITED","","Limited Company or Public Limited Company","SEYCHELLES","Suite 240, 50 Eastcastle Street, London W1W 8EA","","","","","","","","","","","","","","","","","","","","","","","","15-11-2016","N"
"SY219667","Freehold","943 Brighton Road, Purley (CR8 2BP)","CROYDON","GREATER LONDON","GREATER LONDON","CR8 2BP","N","","DISTAL INVESTMENTS LIMITED","","Limited Company or Public Limited Company","SEYCHELLES","5-6 Portman Mews South, London W1H 6HU","","","","","","","","","","","","","","","","","","","","","","","","11-05-1994","N"
"SY219998","Freehold","land lying to the East side of Well Lane, Horsell","WOKING","SURREY","SOUTH EAST","","N","","MARKFIELD INVESTMENTS LIMITED","","Limited Company or Public Limited Company","JERSEY","13 Castle Street, St Helier, Jersey, JE4 5UT","","","","","","","","","","","","","","","","","","","","","","","","19-08-1994","N"
"SGL588110","Freehold","9 Rosedene Avenue, Croydon (CR0 3DN)","CROYDON","GREATER LONDON","GREATER LONDON","CR0 3DN","N","","J&L LAND INVESTMENT LTD","","Limited Company or Public Limited Company","BRITISH VIRGIN ISLANDS","23 Hillside Gardens, Barnet, Herts EN5 2NG","253 Hesterman Way, Valley Leisure Park, Croydon CR0 4YA","Fleet Place House 2 Fleet Place, Holborn Viaduct, London EC4M 7RF","","","","","","","","","","","","","","","","","","","","","","04-04-2011","N"
"SGL594451","Freehold","Land on the South East side of Pleydell Avenue","BROMLEY","GREATER LONDON","GREATER LONDON","","N","","EMPIRE PROPERTY DEVELOPMENTS LIMITED","","Limited Company or Public Limited Company","MAURITIUS","1125 London Road, London SW16","","","","","","","","","","","","","","","","","","","","","","","","27-01-2000","N"
"SGL602391","Leasehold","21-33 Worple Road, London (SW19 4JS)","MERTON","GREATER LONDON","GREATER LONDON","SW19 4JS","N","6800000","KFIM LIPUT 1 LIMITED","","Limited Company or Public Limited Company","JERSEY","IFC 5 , St Helier, Jersey, JE1 1ST","","","KFIM LIPUT 2 LIMITED","","Limited Company or Public Limited Company","JERSEY","IFC 5 , St Helier, Jersey, JE1 1ST","","","","","","","","","","","","","","","","","16-09-2016","N"
"SGL603318","Freehold","Land lying to the west of Blackness Lane, Keston","BROMLEY","GREATER LONDON","GREATER LONDON","","N","","AIOLOS GENERAL INVESTMENT AND CONSTRUCTION S.A.","","Corporate Body","GREECE","10 Broomwood Road, London SW11 6HT","34 Wycliffe Road, London SW11 5QR","","","","","","","","","","","","","","","","","","","","","","","22-08-2001","N"
"SGL604400","Freehold","17 to 22 (all) Turkey Oak Close, London (SE19 2NZ)","CROYDON","GREATER LONDON","GREATER LONDON","SE19 2NZ","N","","CRAGSTEN JERSEY LIMITED","","Limited Company or Public Limited Company","JERSEY","145 Anerley Road, Anerley, London SE20 8EG","","","","","","","","","","","","","","","","","","","","","","","","","N"
"SGL605514","Freehold","7 Prospect Place, London (SW20 0JP)","MERTON","GREATER LONDON","GREATER LONDON","SW20 0JP","N","3300000","LILY PROPERTY NOMINEES LIMITED","","Limited Company or Public Limited Company","JERSEY","7 Prospect Place, London SW20 0JP","PO Box 79, 26 Esplanade, St Helier, Jersey, JE4 8PS","","","","","","","","","","","","","","","","","","","","","","","04-02-2016","N"
"SGL606267","Freehold","land lying to the west of Christchurch Road, London","MERTON","GREATER LONDON","GREATER LONDON","","N","","COLLIERS WOOD INVESTMENTS LIMITED","","Limited Company or Public Limited Company","ISLE OF MAN","First Floor, 18-20 North Quay, Douglas, Isle Of Man, IM1 4LE","","","","","","","","","","","","","","","","","","","","","","","","23-12-2013","N"
"SGL610595","Freehold","39 Lennard Road, Bromley (BR2 8LN)","BROMLEY","GREATER LONDON","GREATER LONDON","BR2 8LN","N","345000","MONOLAT VENTURES LIMITED","","Limited Company or Public Limited Company","BRITISH VIRGIN ISLANDS","1-20 Spurgeon Street, London SE1 4YP","Winterhill House, Station Approach, Marlow SL7 1NT","","","","","","","","","","","","","","","","","","","","","","","17-11-2015","N"
"SGL612723","Leasehold","58 Godstone Road, Purley (CR8 2DD)","CROYDON","GREATER LONDON","GREATER LONDON","CR8 2DD","N","","KINNO LIMITED","","Limited Company or Public Limited Company","ISLE OF MAN","Oxley & Coward, 34/46 Moorgate Street, Rotherham S60 2HB","","","","","","","","","","","","","","","","","","","","","","","","26-10-1999","N"
"SGL615047","Freehold","Land and building on the north east side of Deer Park Road, Merton","MERTON","GREATER LONDON","GREATER LONDON","","N","2200000","POWERHOUSE SPYDER 1 LIMITED","","Limited Company or Public Limited Company","GUERNSEY","Regency Court, Glategny Esplanade, St Peter Port, Guernsey, GY1 1WW","","","","","","","","","","","","","","","","","","","","","","","","05-08-2014","N"
"SGL615875","Freehold","550 Kingston Road, London (SW20 8DR)","MERTON","GREATER LONDON","GREATER LONDON","SW20 8DR","N","115000","ABROMOWITZ AND ASSOCIATES INTERNATIONAL LIMITED","","Limited Company or Public Limited Company","GUERNSEY","550 Kingston Road, London SW20 8DR","","","","","","","","","","","","","","","","","","","","","","","","09-06-2009","N"
"SGL616057","Freehold","98 Buller Road, Thornton Heath (CR7 8QY)","CROYDON","GREATER LONDON","GREATER LONDON","CR7 8QY","N","","QUEENSVILLE PROPERTIES LIMITED","","Limited Company or Public Limited Company","BRITISH VIRGIN ISLANDS","Regent House, 50 Moorgate Street, Rotherham S60 2EY","","","","","","","","","","","","","","","","","","","","","","","","03-11-1994","N"
"SGL616138","Freehold","22 High Street, Colliers Wood, London (SW19 2AE)","MERTON","GREATER LONDON","GREATER LONDON","SW19 2AE","N","515000","ALLIN HOLDINGS LIMITED","","Limited Company or Public Limited Company","SEYCHELLES","7 Beeston Place, London SW1W 0JJ","","","","","","","","","","","","","","","","","","","","","","","","10-06-2014","N"
"SGL616354","Freehold","56 and 58 High Street, Sidcup","BEXLEY","GREATER LONDON","GREATER LONDON","","N","","HPUT TRUSTEE NO 2 LIMITED","","Limited Company or Public Limited Company","JERSEY","Whiteley Chambers, Don Street, St Helier, Jersey JE4 9WG, as trustees of Hunter Property Unit Trust","","","","","","","","","","","","","","","","","","","","","","","","28-10-2005","Y"
"SGL616381","Freehold","217a High Street, Sutton (SM1 1LB)","SUTTON","GREATER LONDON","GREATER LONDON","SM1 1LB","N","","CRANFIELD INVESTMENTS LIMITED","","Limited Company or Public Limited Company","ISLE OF MAN","First Floor, 18-20 North Quay, Douglas, Isle of Man, IM1 4LE","","","","","","","","","","","","","","","","","","","","","","","","22-03-2000","N"
"SGL617994","Leasehold","Parking Space and Storage Space, 1 Somerset Road, Wimbledon, London (SW19 5JU)","MERTON","GREATER LONDON","GREATER LONDON","SW19 5JU","N","","PETTIGREW INVESTMENTS LIMITED","","Limited Company or Public Limited Company","BRITISH VIRGIN ISLANDS","Messrs Lattey & Dawe 21 Liverpool Street, London EC2M 7RD.(Ref AW.6975.3.)","","","","","","","","","","","","","","","","","","","","","","","","21-10-2004","N"
"SGL620711","Freehold","223 Broadway, Bexleyheath (DA6 7EJ)","BEXLEY","GREATER LONDON","GREATER LONDON","DA6 7EJ","N","345000","RIVERSIDE HOLDINGS LIMITED","","Limited Company or Public Limited Company","SEYCHELLES","Suite 509, 5th Floor, Marble Arch Tower, 55 Bryanston Street, London W1H 7AA","","","","","","","","","","","","","","","","","","","","","","","","19-02-2014","N"
"SGL621829","Freehold","Hall Place, 5 Church Road, Mitcham","MERTON","GREATER LONDON","GREATER LONDON","","N","","SHANKILL PROPERTIES LIMITED","","Limited Company or Public Limited Company","JERSEY","Ground Floor, 73 Maygrove Road, London NW6 2EG","","","","","","","","","","","","","","","","","","","","","","","","31-10-2000","N"
"SGL624988","Leasehold","256 Cannon Hill Lane, (SW20 9HN)","MERTON","GREATER LONDON","GREATER LONDON","SW20 9HN","N","60000","OMONVILLE PROPERTIES LIMITED","","Limited Company or Public Limited Company","ISLE OF MAN","2 Merton Park Parade, Kingston Road, London SW19 3NT","","","","","","","","","","","","","","","","","","","","","","","","21-01-2002","N"
"SGL626981","Leasehold","92 The Woodlands, London (SE19 3EH)","CROYDON","GREATER LONDON","GREATER LONDON","SE19 3EH","N","","DEMPROTAS ENTERPRISES LIMITED","","Limited Company or Public Limited Company","CYPRUS","D & J Yianni & Co Ltd, 37 Park Parade, Harlesden, London NW10 4JE","","","","","","","","","","","","","","","","","","","","","","","","28-08-2003","N"
"SGL627467","Leasehold","190 London Road, Kingston Upon Thames (KT2 6QW)","KINGSTON UPON THAMES","GREATER LONDON","GREATER LONDON","KT2 6QW","N","","KP TWO LIMITED","","Limited Company or Public Limited Company","ISLE OF MAN","18 Athol Street, Douglas, Isle of Man, IM1 1JA","Albemarle House, 1 Albemarle Street, London W1S 4HA","","","","","","","","","","","","","","","","","","","","","","","22-03-2016","N"
"SGL634735","Leasehold","Flat 178, Norbiton Hall, Birkenhead Avenue, Kingston Upon Thames (KT2 6RU)","KINGSTON UPON THAMES","GREATER LONDON","GREATER LONDON","KT2 6RU","N","220000","WINDSINGER LIMITED","","Limited Company or Public Limited Company","ISLE OF MAN","Bourne Concourse, Peel Street, Ramsey, Isle of Man, IM8 1JJ","","","","","","","","","","","","","","","","","","","","","","","","09-08-2006","N"
"SGL635426","Freehold","35 to 41 (odd numbers) Prince's Road, London (SW19 8RH)","MERTON","GREATER LONDON","GREATER LONDON","SW19 8RH","N","","ABACUS LAND 4 LIMITED","","Limited Company or Public Limited Company","GUERNSEY","Third Floor, La Plaiderie Chambers, St Peter Port, Guernsey, GY1 1WG","","","","","","","","","","","","","","","","","","","","","","","","06-06-2017","N"
"SGL642106","Leasehold","Ground Floor Premises, 16-18 Crown Hill, Church Street, Croydon (CR0 1RZ)","CROYDON","GREATER LONDON","GREATER LONDON","CR0 1RZ","N","","NEW HILL LTD","","Limited Company or Public Limited Company","BRITISH VIRGIN ISLANDS","Palm Grove House, Po Box 438, Road Town, Tortola, British Virgin Islands","22 Upper Woburn Place, London WC1H 0HW","","","","","","","","","","","","","","","","","","","","","","","14-12-2016","N"
"SGL645403","Freehold","14 Thames Street, Kingston Upon Thames (KT1 1PE)","KINGSTON UPON THAMES","GREATER LONDON","GREATER LONDON","KT1 1PE","N","1625000","THREE OCEANS PROPERTIES LIMITED","","Limited Company or Public Limited Company","CAYMAN ISLANDS","720 West Bay Road, 3rd Floor, Buckingham Square, P O Box 31726, Grand Cayman, KY1-1207, Cayman Islands","","","","","","","","","","","","","","","","","","","","","","","","15-05-2017","N"
"SGL647206","Leasehold","72 North End, Croydon (CR0 1UJ)","CROYDON","GREATER LONDON","GREATER LONDON","CR0 1UJ","N","","GATSBY RETAIL LIMITED","","Limited Company or Public Limited Company","JERSEY","29 Broad Street, St Helier, Jersey, JE2 3RR","","","","","","","","","","","","","","","","","","","","","","","","04-02-2015","N"
"SGL648582","Freehold","11 Wellesley Road, Croydon (CR0 2NW)","CROYDON","GREATER LONDON","GREATER LONDON","CR0 2NW","N","11750000","WRC LIMITED","","Limited Company or Public Limited Company","JERSEY","8 Headfort Place, London SW1X 7DH","","","","","","","","","","","","","","","","","","","","","","","","21-02-2017","N"
"SGL652154","Leasehold","Lift Shaft 60 and Motor Room at 145 High Street, Bromley (BR1 1JD)","BROMLEY","GREATER LONDON","GREATER LONDON","BR1 1JD","N","58603529","ALASKA UK TRUSTEE LIMITED","","Limited Company or Public Limited Company","JERSEY","First Floor, Liberation House, Castle Street, St Helier, Jersey JE1 1GL","","","ALASKA UK NOMINEES 2 LIMITED","","Limited Company or Public Limited Company","JERSEY","First Floor, Liberation House, Castle Street, St Helier, Jersey JE1 1GL","","","","","","","","","","","","","","","","","28-12-2016","N"
"SGL656980","Freehold","Unit 1, Gateway Business Centre, Kangley Bridge Road, New Beckenham, London (SE26 5AN)","BROMLEY","GREATER LONDON","GREATER LONDON","SE26 5AN","N","3605000","CAREY COMMERCIAL LIMITED","","Limited Company or Public Limited Company","GUERNSEY","1st and 2nd Floors, Elizabeth House, Les Ruettes Brayes, St Peter Port, Guernsey, GY1 4LX","","","SCHOLER NOMINEES LIMITED","","Limited Company or Public Limited Company","GUERNSEY","1st and 2nd Floors, Elizabeth House, Les Ruettes Brayes, St Peter Port, Guernsey, GY1 4LX","","","","","","","","","","","","","","","","","17-05-2018","N"
"SGL661062","Freehold","156-158 High Street, Sutton (SM1 1NS)","SUTTON","GREATER LONDON","GREATER LONDON","SM1 1NS","N","","GEAR INVESTMENTS LIMITED","","Limited Company or Public Limited Company","ISLE OF MAN","8 Bentinck Street, London W1U 2BJ","","","","","","","","","","","","","","","","","","","","","","","","27-01-2005","N"
"SGL661293","Leasehold","Flat 15, Axiom Apartments, 42 Sparkes Close, Bromley (BR2 9BU)","BROMLEY","GREATER LONDON","GREATER LONDON","BR2 9BU","N","297000","HIGHSTEAD ESTATES LIMITED","","Limited Company or Public Limited Company","BRITISH VIRGIN ISLANDS","Flat 15, Axiom Apartments, 42 Sparkes Close, Bromley BR2 9BU","P O Box 336, Anson Court, Le Route Des Camps, St Martin, Guernsey GY1 3UQ","","","","","","","","","","","","","","","","","","","","","","","04-02-2005","N"
"SGL661803","Freehold","1 Newgate, Croydon (CR0 2FB)","CROYDON","GREATER LONDON","GREATER LONDON","CR0 2FB","N","","ROSEFAIR LIMITED","","Limited Company or Public Limited Company","JERSEY","Martello Court, Admiral Park, St Peter Port, Guernsey, GY1 3HB","","","","","","","","","","","","","","","","","","","","","","","","24-11-2011","N"
"SGL669478","Leasehold","Unit A, Festival Court, Rosehill, Sutton (SM1 3HA)","SUTTON","GREATER LONDON","GREATER LONDON","SM1 3HA","N","","TERRA ONE LIMITED","","Limited Company or Public Limited Company","BRITISH VIRGIN ISLANDS","Akara Building, 24 De Castro Street, Wickhams Cay 1, PO Box 3136, Road Town, Tortola, British Virgin Islands","","","","","","","","","","","","","","","","","","","","","","","","27-01-2010","N"
"SGL672146","Leasehold","FLAT 58, VISTA HOUSE, 2 CHAPTER WAY, LONDON SW19 2RY","MERTON","GREATER LONDON","GREATER LONDON","SW19 2RY","Y","250000","ORCHARD PORTFOLIO 6 LIMITED","","Limited Company or Public Limited Company","GUERNSEY","18-20 Le Pollet , St Peter Port, Guernsey, GY1 1WH","","","","","","","","","","","","","","","","","","","","","","","","25-02-2011","N"
"SGL674591","Freehold","Land adjoining 65 Grosvenor Road, West Wickham (BR4 9PY)","BROMLEY","GREATER LONDON","GREATER LONDON","BR4 9PY","N","21875","ADRIATIC LAND 8 LIMITED","","Limited Company or Public Limited Company","GUERNSEY","Mont Crevelt House, Bulwer Avenue, St Sampson, Guernsey, GY2 4LH","","","","","","","","","","","","","","","","","","","","","","","","10-08-2018","N"
"SGL676188","Leasehold","Parking space EP7B, Chapter Way, London","MERTON","GREATER LONDON","GREATER LONDON","","N","","MEDORA PROPERTIES LIMITED","","Limited Company or Public Limited Company","BRITISH VIRGIN ISLANDS","PO Box 544, 14 Britannia Place, Bath Street, St Helier, Jersey JE2 4SU","","","","","","","","","","","","","","","","","","","","","","","","18-07-2006","N"
"SGL680260","Freehold","Plot NNAB25, Layhams Farm, Layhams Road, Keston (BR2 6AR)","BROMLEY","GREATER LONDON","GREATER LONDON","BR2 6AR","N","","ENTRUST CHICAGO LLC","","Corporate Body","ILLINOIS, U.S.A.","LLC FBO Ramamurthy Nagubadi IRA 24158, 200 W Superior 410, Chicago, IL, USA, 60610","c/o 2nd Floor, Berkeley Square House, Berkeley Square, Mayfair, London, W1J 6BD","","","","","","","","","","","","","","","","","","","","","","","08-11-2006","N"
"SGL688527","Leasehold","Flat 2, Amberley House, 232 Birkbeck Road, Beckenham and parking space 2 (BR3 4SX)","BROMLEY","GREATER LONDON","GREATER LONDON","BR3 4SX","N","225000","IAAW LIMITED","","Limited Company or Public Limited Company","JERSEY","147 Premier, Patriotic Place, St Helier, Jersey, JE2 3AF","","","","","","","","","","","","","","","","","","","","","","","","05-10-2018","N"
"SGL690310","Leasehold","Space at Unit B Prologis Park, Beddington Lane, Croydon","SUTTON","GREATER LONDON","GREATER LONDON","","N","","COOPERATIEVE CENTRALE RAIFFEISEN-BOERENLEENBANK B.A.","","Corporate Body","NETHERLANDS","Thames Court, One Queenhithe, London EC4V 3RL","","","","","","","","","","","","","","","","","","","","","","","","29-08-2007","N"
"SGL692522","Freehold","Land at Layhams Farm, Layhams Road, Keston","BROMLEY","GREATER LONDON","GREATER LONDON","","N","","UK LAND INVESTMENTS INTERNATIONAL LIMITED","","Limited Company or Public Limited Company","BRITISH VIRGIN ISLANDS","Romasco Place, Wickham Cay 1, PO Box 3140, Road Town, Tortola, British Virgin Island","","","","","","","","","","","","","","","","","","","","","","","","27-04-2006","N"
"SGL695500","Leasehold","Flat 5, Effra Court, 230 Haydons Road, London (SW19 8TT)","MERTON","GREATER LONDON","GREATER LONDON","SW19 8TT","N","","SATRE INVESTMENTS LIMITED","","Limited Company or Public Limited Company","TURKS AND CAICOS ISLANDS","70 Upper Tooting Road, London SW17 7PB","","","","","","","","","","","","","","","","","","","","","","","","07-02-2008","N"
"SGL697071","Leasehold","Flat 19, Sycamore Court, Sandcliff Road, Erith (DA8 1NB)","BEXLEY","GREATER LONDON","GREATER LONDON","DA8 1NB","N","","HOMESELECT FINANCE (NO. 3) LIMITED","","Limited Company or Public Limited Company","JERSEY","19-21 Broad Street, St Helier, Jersey, JE1 3PB","3rd Floor, 11 Bruton Street, London W1J 6PY","","","","","","","","","","","","","","","","","","","","","","","03-04-2008","N"
"SGL699344","Freehold","Plot 2a, Shire Lane, Keston","BROMLEY","GREATER LONDON","GREATER LONDON","","N","","TAYLOR SCOTT KESTON LIMITED","","Limited Company or Public Limited Company","SEYCHELLES","Suite 15, 1st Floor Oliaji Trade Centre, Francis Rachel Street, PO Box 1004, Victoria, Mahe, Seychelles","","","","","","","","","","","","","","","","","","","","","","","","08-01-2014","N"
"SGL700078","Leasehold","Flat 5, Arundale, Anglesea Road, Kingston Upon Thames (KT1 2EL)","KINGSTON UPON THAMES","GREATER LONDON","GREATER LONDON","KT1 2EL","N","","ASSOCIATED ACCEPTANCE LIMITED","","Limited Company or Public Limited Company","HONG KONG","Flat 5, Arundale, Anglesea Road, Kingston Upon Thames KT1 2EL","","","","","","","","","","","","","","","","","","","","","","","","15-07-2008","N"
"SGL704480","Leasehold","Suite 1 and Suite 2, 6 Sutton Park Road, Sutton (SM1 2GD)","SUTTON","GREATER LONDON","GREATER LONDON","SM1 2GD","N","","BLUE OCEAN INVESTMENTS CORPORATION","CR138848","Corporate Body","CAYMAN ISLANDS","PO Box 1044GT, 5th Floor, Bermuda House, Dr Roy's Drive, George Town, Grand Cayman, Cayman Islands, BWI",", Epsom, Surrey KT17 3NS","","","","","","","","","","","","","","","","","","","","","","","10-08-2010","N"
"SGL707177","Leasehold","Flat 6, Whitewood House, 41 Hook Road, Surbiton and parking space 6 (KT6 5AA)","KINGSTON UPON THAMES","GREATER LONDON","GREATER LONDON","KT6 5AA","N","","DAL SERVICES LIMITED","","Limited Company or Public Limited Company","ISLE OF MAN","Sovereign House, 14-16 Nelson Street, Douglas , Isle Of Man, IM1 2AL","","","","","","","","","","","","","","","","","","","","","","","","27-04-2009","N"
"LA774086","Freehold","Land on the north east side of Northgate, White Lund, Morecambe","LANCASTER","LANCASHIRE","NORTH WEST","","N","","HARWOOD MOUSE 3 LIMITED","","Limited Company or Public Limited Company","ISLE OF MAN","First Names House, Victoria Road, Douglas, IM2 4DF, Isle of Man","Accrue Capital Limited, Prince Albert House, 20 King Street, Maidenhead SL6 1DT","","","","","","","","","","","","","","","","","","","","","","","06-11-2014","N"
"LA784722","Leasehold","29 Beamont Drive, Preston (PR1 8UN)","PRESTON","LANCASHIRE","NORTH WEST","PR1 8UN","N","","HOMESELECT FINANCE (NO 4) LIMITED","","Limited Company or Public Limited Company","JERSEY","Rathbone House, 15 Esplanade, St Helier, Jersey, JE1 1RB","3rd Floor, 11 Bruton Street, London W1J 6PY","","","","","","","","","","","","","","","","","","","","","","","27-07-2005","N"
"LA786942","Freehold","land on the North side of Brown Street, Blackburn","BLACKBURN WITH DARWEN","BLACKBURN WITH DARWEN","NORTH WEST","","N","","MAPELEY BETA ACQUISITION CO (1) LIMITED","","Limited Company or Public Limited Company","BERMUDA","La Pouquelaye, St. Helier, Jersey, Channel Islands, JE2 3GF","","","","","","","","","","","","","","","","","","","","","","","","08-03-2006","N"
"LA787344","Freehold","46 Westminster Road, Morecambe (LA4 4JD)","LANCASTER","LANCASHIRE","NORTH WEST","LA4 4JD","N","19000","GRANGE VIEW LTD LLC","","Corporate Body","DELAWARE, U.S.A.","85 Marine Road West, Morecambe LA4 4ER","","","","","","","","","","","","","","","","","","","","","","","","22-10-1996","N"
"LA787473","Freehold","9 Laxey Road, Blackburn (BB2 3LH)","BLACKBURN WITH DARWEN","BLACKBURN WITH DARWEN","NORTH WEST","BB2 3LH","N","65000","BRIGANTES LIMITED","","Limited Company or Public Limited Company","JERSEY","3rd Floor, 37 Esplanade, St Helier, Jersey, JE2 3QA","","","","","","","","","","","","","","","","","","","","","","","","30-06-2017","N"
