Title Number,Tenure,Property Address,District,County,Region,Postcode,Multiple Address Indicator,Price Paid,Proprietor Name (1),Company Registration No. (1),Proprietorship Category (1),Proprietor (1) Address (1),Proprietor (1) Address (2),Proprietor (1) Address (3),Proprietor Name (2),Company Registration No. (2),Proprietorship Category (2),Proprietor (2) Address (1),Proprietor (2) Address (2),Proprietor (2) Address (3),Proprietor Name (3),Company Registration No. (3),Proprietorship Category (3),Proprietor (3) Address (1),Proprietor (3) Address (2),Proprietor (3) Address (3),Proprietor Name (4),Company Registration No. (4),Proprietorship Category (4),Proprietor (4) Address (1),Proprietor (4) Address (2),Proprietor (4) Address (3),Date Proprietor Added,Additional Proprietor Indicator
"13072","Freehold","Land lying to the north-west of Cornish Arms, Pendoggett, St Kew, Bodmin (PL30 3HH)","CORNWALL","CORNWALL","SOUTH WEST","PL30 3HH","N","","FORE INVESTMENTS (UK) LIMITED","10257552","Limited Company or Public Limited Company","20-22 Wenlock Road, London N1 7GU","","","","","","","","","","","","","","","","","","","","","30-10-2017","N"
"13188","Freehold","part of the Links Estate which Estate was formerly part of the Furzedown Estate","MERTON","GREATER LONDON","GREATER LONDON","","N","","THE SELECTED ESTATES COMPANY LIMITED","","Limited Company or Public Limited Company","31 Walbrook EC","","","","","","","","","","","","","","","","","","","","","17-04-1912","N"
"13323","Freehold","land lying to the north of Clynnog Fawr, Caernarfon","GWYNEDD","GWYNEDD","WALES","","N","","THE COUNTY COUNCIL OF THE ADMINISTRATIVE COUNTY OF CAERNARVON","","County Council","Shirehall Street, Carnarvon","","","","","","","","","","","","","","","","","","","","","19-06-1912","N"
"13494","Freehold","Marton Farm and The Butts, Baschurch, (SY4 2BZ)","SHROPSHIRE","SHROPSHIRE","WEST MIDLANDS","SY4 2BZ","N","","SHROPSHIRE COUNCIL","","Local Authority","Legal Services, Shropshire Council, The Shirehall, Abbey Foregate, Shrewsbury, Shropshire SY2 6ND","","","","","","","","","","","","","","","","","","","","","28-04-2009","N"
"13548","Freehold","land on the North side of Bath Road, Bristol","CITY OF BRISTOL","CITY OF BRISTOL","SOUTH WEST","","N","","THE CITY COUNCIL OF BRISTOL","","Local Authority","City Hall, College Green, Bristol BS1 5TR","","","","","","","","","","","","","","","","","","","","","24-12-2004","N"
"13554","Freehold","Land at Farcet","CAMBRIDGE","CAMBRIDGESHIRE","EAST ANGLIA","","N","","HUNTINGDON COUNTY COUNCIL","","Local Authority","80 High Street, Huntingdon","","","","","","","","","","","","","","","","","","","","","22-10-1912","N"
"13576","Freehold","land at Bury Farm, Fishweir, Stewkley, Leighton Buzzard (LU7 0HB)","AYLESBURY VALE","BUCKINGHAMSHIRE","SOUTH EAST","LU7 0HB","N","","BUCKINGHAMSHIRE COUNTY COUNCIL","","County Council","The County Hall, Aylesbury, Bucks","","","","","","","","","","","","","","","","","","","","","","N"
"13803","Freehold","Land lying to the North of Church Hill, Beoley","BROMSGROVE","WORCESTERSHIRE","WEST MIDLANDS","","N","","THE INCUMBENT OF THE PARISH OF ST LEONARDS","","Corporate Body","St Leonards, Beoley, Worcs and his successors","","","","","","","","","","","","","","","","","","","","","04-02-1913","N"
"13805","Freehold","Land on the south side of Sweet Hill Drove, Coveney, Ely","EAST CAMBRIDGESHIRE","CAMBRIDGESHIRE","EAST ANGLIA","","N","","CAMBRIDGESHIRE COUNTY COUNCIL","","County Council","Shire Hall, Castle Hill, Cambridge CB3 0AP","","","","","","","","","","","","","","","","","","","","","18-04-1979","N"
"14097","Freehold","Land on East side of Batch Road","SEDGEMOOR","SOMERSET","SOUTH WEST","","N","","SOMERSET COUNTY COUNCIL","","County Council","County Hall, Taunton, Somerset","","","","","","","","","","","","","","","","","","","","","28-09-1978","N"
"14245","Freehold","Land to the north of New Pasture Lane and West Huntow, Scarborough Road, Bridlington","EAST RIDING OF YORKSHIRE","EAST RIDING OF YORKSHIRE","YORKS AND HUMBER","","N","","EAST RIDING OF YORKSHIRE COUNCIL","","Local Authority","County Hall, Beverley, East Riding Of Yorkshire HU17 9BA","","","","","","","","","","","","","","","","","","","","","02-09-2010","N"
"14312","Freehold","land in the parish of Pilton","MENDIP","SOMERSET","SOUTH WEST","","N","","THE COUNCIL OF THE PARISH OF PILTON","","Local Authority","Pilton, Somerset","","","","","","","","","","","","","","","","","","","","","17-11-1964","N"
"14402","Freehold","Land at Marshland St James","KING'S LYNN AND WEST NORFOLK","NORFOLK","EAST ANGLIA","","N","","THE NORFOLK COUNTY COUNCIL","","Local Authority","County Hall, Martineau Lane, Norwich NR1 2DH","","","","","","","","","","","","","","","","","","","","","20-09-1999","N"
"14446","Freehold","Land at Church Meadow Lane, Alpington","SOUTH NORFOLK","NORFOLK","EAST ANGLIA","","N","","THE NORFOLK COUNTY COUNCIL","","County Council","County Hall, Martineau Lane, Norwich NR1 2DH","","","","","","","","","","","","","","","","","","","","","15-09-1975","N"
"14518","Freehold","Land at the rear of 10 Church Road, Heston","HOUNSLOW","GREATER LONDON","GREATER LONDON","","N","","MOSSACRE LIMITED","","Limited Company or Public Limited Company","Norwich House, 13 Southampton Place, London WC1","","","","","","","","","","","","","","","","","","","","","14-03-1973","N"
"14596","Freehold","26 Widemarsh Street, Hereford (HR4 9EP)","HEREFORDSHIRE","HEREFORDSHIRE","WEST MIDLANDS","HR4 9EP","N","","THE PIPE CORPORATION LIMITED","02192288","Limited Company or Public Limited Company","1 Court Barn, Huntingdon Lane, Hereford HR4 7RA","","","","","","","","","","","","","","","","","","","","","11-08-2004","N"
"14789","Freehold","Land at Branksome Dene Chine, Poole","POOLE","POOLE","SOUTH WEST","","N","","THE COUNCIL OF THE BOROUGH AND COUNTY OF THE TOWN OF POOLE","","Local Authority","Civic Centre, Poole BH15 2RU","","","","","","","","","","","","","","","","","","","","","04-05-1928","N"
"14810","Freehold","Bridge Farm, Fields Farm, Green Paddocks Farm and Holding No 3, Middlewich Road, Woolstanwood, Crewe","CHESHIRE EAST","CHESHIRE EAST","NORTH WEST","","N","","CHESHIRE EAST BOROUGH COUNCIL","","Local Authority","Westfields, Middlewich Road, Sandbach CW11 1HZ","","","","","","","","","","","","","","","","","","","","","27-04-2009","N"
"14937","Freehold","The Fishing Path adjoining the River Nene, Cogenhoe","NORTHAMPTON","NORTHAMPTONSHIRE","EAST MIDLANDS","","N","","THE COMPTON ESTATES COMPANY","","Corporate Body","Castle Ashby, Northamptonshire","","","","","","","","","","","","","","","","","","","","","06-04-1944","N"
"15067","Freehold","Land on the north-west side of Bedford Road, Great Barford, Bedford","BEDFORD","BEDFORD","SOUTH EAST","","N","","BEDFORD BOROUGH COUNCIL","","Local Authority","Borough Hall, Cauldwell Street, Bedford MK42 9AP","","","","","","","","","","","","","","","","","","","","","","N"
"15073","Freehold","part of a passageway between 12 and 14 Pagehurst Road","CROYDON","GREATER LONDON","GREATER LONDON","","N","","THE CROYDON INVESTMENT COMPANY LIMITED","","Limited Company or Public Limited Company","103 and 105 George Street, Croydon","","","","","","","","","","","","","","","","","","","","","","N"
"15255","Freehold","Becker's Green Farm, Braintree","BRAINTREE","ESSEX","SOUTH EAST","","N","","THE COUNTY COUNCIL OF THE ADMINISTRATIVE COUNTY OF ESSEX","","Local Authority","County Hall, Chelmsford, Essex","","","","","","","","","","","","","","","","","","","","","31-12-1914","N"
"15292","Freehold","Land at Broadhempston","TEIGNBRIDGE","DEVON","SOUTH WEST","","N","","THE COUNTY COUNCIL OF THE ADMINISTRATIVE COUNTY OFDEVON","","County Council","The County Hall, Exeter, Devon","","","","","","","","","","","","","","","","","","","","","21-01-1915","N"
"15426","Freehold","land on the west side of Gravel Hill, Poole","POOLE","POOLE","SOUTH WEST","","N","","THE COUNCIL OF THE BOROUGH AND COUNTY OF THE TOWN OF POOLE","","Local Authority","Civic Centre, Poole BH15 2RU","DX123820, Poole 7","","","","","","","","","","","","","","","","","","","","16-11-2015","N"
"15677","Freehold","487 Upper Richmond Road West (SW14 7PU)","RICHMOND UPON THAMES","GREATER LONDON","GREATER LONDON","SW14 7PU","N","","CITYMILL INVESTMENTS LTD","08075888","Limited Company or Public Limited Company","Swiss House, Beckingham Street, Tolleshunt Major, Maldon, Essex CM9 8LZ","","","","","","","","","","","","","","","","","","","","","29-10-2012","N"
"15702","Freehold","108 Almners Road, Lyne","RUNNYMEDE","SURREY","SOUTH EAST","","N","","THE COUNTY COUNCIL OF SURREY","","County Council","County Hall, Kingston Upon Thames, KT1 2DN","","","","","","","","","","","","","","","","","","","","","01-06-1915","N"
"15830","Freehold","Land to the south of St Mary's Crescent","HOUNSLOW","GREATER LONDON","GREATER LONDON","","N","","TRANSPORT FOR LONDON","","Corporate Body","Transport for London, 55 Broadway, London SW1H 0BD","","","","","","","","","","","","","","","","","","","","","21-11-2017","N"
"16121","Freehold","land on the North side of High Street, Egham","RUNNYMEDE","SURREY","SOUTH EAST","","N","","HIGHWAYS ENGLAND COMPANY LIMITED","9346363","Limited Company or Public Limited Company","Bridge House, 1 Walnut Tree Close, Guildford, Surrey GU1 4LZ","Ash House Falcon Road, Sowton, Exeter EX2 7LB","","","","","","","","","","","","","","","","","","","","20-08-2015","N"
"16397","Freehold","land at Wootton Road, Bristol","CITY OF BRISTOL","CITY OF BRISTOL","SOUTH WEST","","N","","CAPPER PASS AND SON LIMITED","","Limited Company or Public Limited Company","Mill Lane, Bedminster, Bristol","","","","","","","","","","","","","","","","","","","","","28-03-1917","N"
"16490","Freehold","Flats 17-27, Regal Court, 169 Malvern Road, London (NW6 5PZ)","BRENT","GREATER LONDON","GREATER LONDON","NW6 5PZ","N","","AVON GROUND RENTS LIMITED","7399676","Limited Company or Public Limited Company","88 Edgware Way, Edgware HA8 8JS","","","","","","","","","","","","","","","","","","","","","13-07-2018","N"
"17292","Freehold","being land forming part of site of Lower Mortlake Road","RICHMOND UPON THAMES","GREATER LONDON","GREATER LONDON","","N","","TRANSPORT FOR LONDON","","Corporate Body","Transport for London, 55 Broadway, London SW1H 0BD","","","","","","","","","","","","","","","","","","","","","21-11-2017","N"
"17388","Freehold","Holyrood, 82 Muswell Avenue","HARINGEY","GREATER LONDON","GREATER LONDON","","N","","THE COUNTY COUNCIL OF ADMINISTRATIVE COUNTY OF MIDDLESEX","","Local Authority","Guildhall, Westminster, London, SW1","","","","","","","","","","","","","","","","","","","","","12-07-1934","N"
"17616","Freehold","North Mount Farm, Bempton Lane, Sewerby Cum Marton","EAST RIDING OF YORKSHIRE","EAST RIDING OF YORKSHIRE","YORKS AND HUMBER","","N","","EAST RIDING OF YORKSHIRE COUNTY COUNCIL","","Local Authority","County Hall, Beverley, E Riding of Yorkshire","","","","","","","","","","","","","","","","","","","","","20-06-1919","N"
"17836","Freehold","Lanfawr Farm, Llanddarog","CARMARTHENSHIRE","CARMARTHENSHIRE","WALES","","N","","CARMARTHENSHIRE COUNTY COUNCIL","","Local Authority","County Hall, Carmarthen, Carmarthenshire SA31 1JP","","","","","","","","","","","","","","","","","","","","","23-03-1987","N"
"18073","Freehold","land on the east side of Malling Road, Birling, West Malling","TONBRIDGE AND MALLING","KENT","SOUTH EAST","","N","","THE COUNTY COUNCIL OF THE ADMINISTRATIVE COUNTY OF KENT","","County Council","Maidstone, Kent","","","","","","","","","","","","","","","","","","","","","23-10-1919","N"
"18386","Freehold","land at Silver Hall Farm, Hull Road, Skirlaugh (HU11 5AE)","EAST RIDING OF YORKSHIRE","EAST RIDING OF YORKSHIRE","YORKS AND HUMBER","HU11 5AE","N","","EAST RIDING OF YORKSHIRE COUNTY COUNCIL","","Local Authority","County Hall, Beverley, E Riding of Yorkshire","","","","","","","","","","","","","","","","","","","","","15-12-1919","N"
"18462","Freehold","Land in Ryther","SELBY","NORTH YORKSHIRE","YORKS AND HUMBER","","N","","NORTH YORKSHIRE COUNTY COUNCIL","","Local Authority","County Hall, Northallerton, North Yorkshire DL7 8AD","","","","","","","","","","","","","","","","","","","","","29-12-1919","N"
"18481","Freehold","land at Leighton Brook, Off Middlewich Road, Leighton","CHESHIRE EAST","CHESHIRE EAST","NORTH WEST","","N","","CHESHIRE EAST BOROUGH COUNCIL","","Local Authority","Westfields, Middlewich Road, Sandbach CW11 1HZ","","","","","","","","","","","","","","","","","","","","","27-04-2009","N"
"18638","Freehold","land lying to the south of Lana Farm, Bradford, Holsworthy (EX22 7AW)","TORRIDGE","DEVON","SOUTH WEST","EX22 7AW","N","","THE COUNTY COUNCIL OF THE ADMINISTRATIVE COUNTY OF DEVON","","Local Authority","County Hall, Exeter","","","","","","","","","","","","","","","","","","","","","17-01-1920","N"
"18887","Freehold","Land known as The Hundred Acre Farm and Kives Farm, Oving","CHICHESTER","WEST SUSSEX","SOUTH EAST","","N","","WEST SUSSEX COUNTY COUNCIL","","County Council","County Hall, Chichester, W Sussex","","","","","","","","","","","","","","","","","","","","","17-02-1920","N"
"18983","Freehold","Compton Farm, South Petherton, Yeovil","SOUTH SOMERSET","SOMERSET","SOUTH WEST","","N","","SOMERSET COUNTY COUNCIL","","County Council","County Hall, Taunton, Somerset, TA1 4DY","","","","","","","","","","","","","","","","","","","","","04-03-1976","N"
"19026","Freehold","Dunsley and Kiln Farms, Tring and Wigginton","DACORUM","HERTFORDSHIRE","SOUTH EAST","","N","","HERTFORDSHIRE COUNTY COUNCIL","","County Council","County Hall, Hertford SG13 8DE","","","","","","","","","","","","","","","","","","","","","04-03-1920","N"
"19038","Freehold","land at Rhysgog Farm, and Plas Elltyn, Delwyn Lane, and Hill Field, Maesydd, Oakwood and Y-Gadair, Llanfyllin","POWYS","POWYS","WALES","","N","","THE COUNTY COUNCIL OF THE ADMINISTRATIVE COUNTY OF MONTGOMERY","","County Council","Welshpool","","","","","","","","","","","","","","","","","","","","","06-03-1920","N"
"19135","Freehold","Allotment Gardens, Marford Road, Wheathampstead, St Albans","ST ALBANS","HERTFORDSHIRE","SOUTH EAST","","N","","HERTFORDSHIRE COUNTY COUNCIL","","County Council","County Hall, Hertford SG13 8DE","","","","","","","","","","","","","","","","","","","","","23-03-1920","N"
"19172","Freehold","Land lying on the south side of St Neots Road, Bedford","BEDFORD","BEDFORD","SOUTH EAST","","N","","BEDFORDSHIRE COUNTY COUNCIL","","County Council","County Hall, Cauldwell Street, Bedford MK42 9AP","","","","","","","","","","","","","","","","","","","","","10-03-2004","N"
"19442","Freehold","land on the north side of Sedge Way, Witchford, Ely","EAST CAMBRIDGESHIRE","CAMBRIDGESHIRE","EAST ANGLIA","","N","","COMMON FARM LIMITED","00400447","Limited Company or Public Limited Company","9 Houghton Gardens Ely Cambs CB7 4JN","","","","","","","","","","","","","","","","","","","","","06-03-2003","N"
"19590","Freehold","land known as Dairy House Farm, Dairy House Lane, Cheadle, Stockport","CHESHIRE EAST","CHESHIRE EAST","NORTH WEST","","N","","CHESHIRE EAST BOROUGH COUNCIL","","Local Authority","Borough Solicitor, Legal Services, Westfields, Middlewich Road, Sandbach CW11 1HZ","","","","","","","","","","","","","","","","","","","","","13-12-2004","N"
"19600","Freehold","land at Uplands Farm, Botley, 1 and 2 New House Farm, Winchester Street, Botley and Lower Wangfield Farm, Wangfield Lane, Curdridge, Southampton","EASTLEIGH","HAMPSHIRE","SOUTH EAST","","N","","HAMPSHIRE COUNTY COUNCIL","","Local Authority","The Castle, Winchester SO23 8UJ","","","","","","","","","","","","","","","","","","","","","25-05-1920","N"
"19610","Freehold","2 to 4 Boxley Street, Silvertown","NEWHAM","GREATER LONDON","GREATER LONDON","","N","","SILVERTOWN GARAGE LIMITED","00396220","Limited Company or Public Limited Company","149 Marine Parade East, Clacton On Sea, Essex CO15 5AE","","","","","","","","","","","","","","","","","","","","","28-05-1962","N"
"19792","Freehold","Land on the west side of Horsham Road, Cranleigh","WAVERLEY","SURREY","SOUTH EAST","","N","","STERLING HOMES LIMITED","538823","Limited Company or Public Limited Company","1 Cavendish Place, London W1G 0QD","","","","","","","","","","","","","","","","","","","","","07-12-2006","N"
"19995","Freehold","98 High Road, Brentford","HOUNSLOW","GREATER LONDON","GREATER LONDON","","N","","THE MAYOR AND BURGESSESS OF THE LONDON BOROUGH OF HOUNSLOW","","Local Authority","Civic Centre, Lampton Road, Hounslow, Middlesex TW3 4DN","","","","","","","","","","","","","","","","","","","","","23-03-1922","N"
"20273","Freehold","West Haven, 3 Woodchurch Road, (NW6 3PL)","CAMDEN","GREATER LONDON","GREATER LONDON","NW6 3PL","N","","FREEHOLD MANAGERS (NOMINEES) LIMITED","02686761","Limited Company or Public Limited Company","250 Bishopsgate, London EC2M 4AA","","","","","","","","","","","","","","","","","","","","","24-01-2000","N"
"20438","Freehold","24 Red Lion Street, Holborn","CAMDEN","GREATER LONDON","GREATER LONDON","","N","","LIBYAN ARAB FOREIGN INVESTMENT COMPANY","","Corporate Body","Kirkby Diamond, Meridian House, 57 North Twelfth Street, Central Milton Keynes, Bucks MK9 3BS","","","","","","","","","","","","","","","","","","","","","29-05-1998","N"
"36216","Freehold","22 Benson Road, London (SE23 3RJ)","LEWISHAM","GREATER LONDON","GREATER LONDON","SE23 3RJ","N","","PEABODY TRUST","7741","Community Benefit Society (Corporate Body)","45 Westminster Bridge Road, London SE1 7JB","","","","","","","","","","","","","","","","","","","","","23-07-2018","N"
"36378","Freehold","Land on the west side of 188 Garratt Lane, London (SW18 4ED)","WANDSWORTH","GREATER LONDON","GREATER LONDON","SW18 4ED","N","","RAYNER LONDON LIMITED","7630274","Limited Company or Public Limited Company","Banquet House, 118-120 Garratt Lane, London SW18 4DJ","","","","","","","","","","","","","","","","","","","","","22-09-2016","N"
"36575","Freehold","131 Endlesham Road, Balham, London (SW12 8JN)","WANDSWORTH","GREATER LONDON","GREATER LONDON","SW12 8JN","N","","EGP PROPERTY LIMITED","07660805","Limited Company or Public Limited Company","131 Endlesham Road, London SW12 8JN","","","","","","","","","","","","","","","","","","","","","11-02-2014","Y"
"36789","Freehold","138 Courthill Road, (SE13 6DR)","LEWISHAM","GREATER LONDON","GREATER LONDON","SE13 6DR","N","","OPTIVO","7561","Community Benefit Society (Corporate Body)","Grosvenor House, 125 High Street, Croydon CR0 9XP","","","","","","","","","","","","","","","","","","","","","07-07-2017","N"
"37653","Freehold","227 Lewisham High Street, London (SE13 6LY)","LEWISHAM","GREATER LONDON","GREATER LONDON","SE13 6LY","N","2100000","SKILLCROWN HOLDINGS LIMITED","08751790","Limited Company or Public Limited Company","Terrance House, 151 Hastings Road, Bromley BR2 8NQ","","","","","","","","","","","","","","","","","","","","","31-01-2018","N"
"37702","Freehold","193 to 205 (odd) Lee High Road","LEWISHAM","GREATER LONDON","GREATER LONDON","","N","","BP OIL UK LIMITED","","Limited Company or Public Limited Company","Witan Gate House, 500-600 Witan Gate, Central Milton Keynes MK9 1ES","","","","","","","","","","","","","","","","","","","","","04-11-1976","N"
"37709","Freehold","12 and 12B Ravensbourne Road, London (SE6 4UX)","LEWISHAM","GREATER LONDON","GREATER LONDON","SE6 4UX","N","","OPTIVO","7561","Community Benefit Society (Corporate Body)","Grosvenor House, 125 High Street, Croydon CR0 9XP","","","","","","","","","","","","","","","","","","","","","23-06-2017","N"
"37924","Leasehold","3 Morat Street, London (SW9 0RJ)","LAMBETH","GREATER LONDON","GREATER LONDON","SW9 0RJ","N","","LONDON & QUADRANT HOUSING TRUST","30441R","Registered Society (Corporate Body)","29-35 West Ham Lane, London E15 4PH","","","","","","","","","","","","","","","","","","","","","24-07-1978","N"
"37930","Leasehold","4 Morat Street, London (SW9 0RP)","LAMBETH","GREATER LONDON","GREATER LONDON","SW9 0RP","N","","LONDON & QUADRANT HOUSING TRUST","30441R","Registered Society (Corporate Body)","29-35 West Ham Lane, London E15 4PH","","","","","","","","","","","","","","","","","","","","","19-02-1988","N"
"37932","Leasehold","8 Morat Street, London (SW9 0RP)","LAMBETH","GREATER LONDON","GREATER LONDON","SW9 0RP","N","","LONDON & QUADRANT HOUSING TRUST","30441R","Registered Society (Corporate Body)","29-35 West Ham Lane, London E15 4PH","","","","","","","","","","","","","","","","","","","","","19-02-1988","N"
"37933","Leasehold","10 Morat Street, London (SW9 0RP)","LAMBETH","GREATER LONDON","GREATER LONDON","SW9 0RP","N","","LONDON & QUADRANT HOUSING TRUST","30441R","Registered Society (Corporate Body)","29-35 West Ham Lane, London E15 4PH","","","","","","","","","","","","","","","","","","","","","19-02-1988","N"
"38250","Freehold","114 to 190 (even) York Road","WANDSWORTH","GREATER LONDON","GREATER LONDON","","N","","TRANSPORT FOR LONDON","","Corporate Body","Transport for London, 55 Broadway, London SW1H 0BD","","","","","","","","","","","","","","","","","","","","","21-11-2017","N"
"38545","Leasehold","155 Hamilton Road, (SE27 9SE)","LAMBETH","GREATER LONDON","GREATER LONDON","SE27 9SE","N","53000","LONDON & QUADRANT HOUSING TRUST","30441R","Registered Society (Corporate Body)","29-35 West Ham Lane, London E15 4PH","","","","","","","","","","","","","","","","","","","","","28-01-2008","N"
"38573","Freehold","47 Lucien Road, London (SW17 8HS)","WANDSWORTH","GREATER LONDON","GREATER LONDON","SW17 8HS","N","","47 LUCIEN MANAGEMENT LIMITED","09048215","Limited Company or Public Limited Company","47a Lucien Road, London SW17 8HS","","","","","","","","","","","","","","","","","","","","","08-10-2014","N"
"39064","Freehold","207 Walworth Road, (SE17 1RL)","SOUTHWARK","GREATER LONDON","GREATER LONDON","SE17 1RL","N","","NEXT IN LINE LIMITED","02658058","Limited Company or Public Limited Company","207 Walworth Road, London SE17 1RL","","","","","","","","","","","","","","","","","","","","","02-12-1992","N"
"39143","Freehold","54 Choumert Road, Camberwell, London (SE15 4AX)","SOUTHWARK","GREATER LONDON","GREATER LONDON","SE15 4AX","N","","THE MAYOR AND BURGESSES OF THE LONDON BOROUGH OF SOUTHWARK","","Local Authority","160 Tooley Street, London SE1 2QH","PO Box 64529, London SE1P 5LX","","","","","","","","","","","","","","","","","","","","10-03-2005","N"
"39255","Freehold","64 Venner Road, London (SE26 5EL)","LEWISHAM","GREATER LONDON","GREATER LONDON","SE26 5EL","N","","64 VENNER ROAD RESIDENTS LIMITED","6959740","Limited Company or Public Limited Company","First Floor Flat, 64 Venner Road, Sydenham, London SE26 5EL","","","","","","","","","","","","","","","","","","","","","11-01-2010","N"
"40170","Freehold","26-27 Argyll Street, London","CITY OF WESTMINSTER","GREATER LONDON","GREATER LONDON","","N","","THE QUEEN'S MOST EXCELLENT MAJESTY IN RIGHT OF HER CROWN","","Corporate Body","1 St James's Market, London SW1Y 4AH","","","","","","","","","","","","","","","","","","","","","","N"
"40702","Freehold","23 Monmouth Street, London (WC2H 9DD)","CAMDEN","GREATER LONDON","GREATER LONDON","WC2H 9DD","N","","SHAFTESBURY COVENT GARDEN LIMITED","03154145","Limited Company or Public Limited Company","22 Ganton Street, Carnaby, London W1F 7FD","","","","","","","","","","","","","","","","","","","","","10-03-2005","N"
"41229","Freehold","75 Farringdon Road, London (EC1M 3HJQ)","CAMDEN","GREATER LONDON","GREATER LONDON","EC1M 3HJ","N","","BRITISH OVERSEAS BANK NOMINEES LIMITED","00220905","Limited Company or Public Limited Company","Nat West Bank Plc, 1st Floor, 250 Bishopsgate, London EC2M 4AA","Orchard Street Investment Management Llp, 16 New Burlington Place, London W1S 2HX","","W G T C NOMINEES LIMITED","01255218","Limited Company or Public Limited Company","Nat West Bank Plc, 1st Floor, 250 Bishopsgate, London EC2M 4AA","Orchard Street Investment Management Llp, 16 New Burlington Place, London W1S 2HX","","","","","","","","","","","","","","18-12-2017","N"
"41246","Freehold","78 Sumatra Road","CAMDEN","GREATER LONDON","GREATER LONDON","","N","","THE LONDON COUNTY COUNCIL","","Local Authority","The County Hall, Westminster Bridge, London SE1","","","","","","","","","","","","","","","","","","","","","08-09-1950","N"
"41299","Freehold","strips of land in Parnell Road","TOWER HAMLETS","GREATER LONDON","GREATER LONDON","","N","","THE COUNTY COUNCIL OF THE ADMINISTRATIVE COUNTY OF LONDON","","County Council","Spring Gardens, London","","","","","","","","","","","","","","","","","","","","","","N"
"41947","Freehold","11 Sinclair Gardens, London (W14 0AU)","HAMMERSMITH AND FULHAM","GREATER LONDON","GREATER LONDON","W14 0AU","N","","HOUGHTON HALL CO-OWNERSHIP LIMITED","","Limited Company or Public Limited Company","16 Doughty Street, London WC1","","","","","","","","","","","","","","","","","","","","","06-12-1971","N"
"42145","Freehold","42 Oxford Street, London (W1D 1BB)","CITY OF WESTMINSTER","GREATER LONDON","GREATER LONDON","W1D 1BB","N","","PONTEGADEA UK LTD","8680673","Limited Company or Public Limited Company","West End House, 11 Hills Place, London W1F 7SE","","","","","","","","","","","","","","","","","","","","","31-10-2017","N"
"58517","Freehold","38, 40, 40a, 40b, 40c, 40d, 42, 44, 46 part of 48, 50 Long Lane, London (SE1 4AU)","SOUTHWARK","GREATER LONDON","GREATER LONDON","SE1 4AU","N","","THE MAYOR AND BURGESSES OF THE LONDON BOROUGH OF SOUTHWARK","","Local Authority","160 Tooley Street, London SE1 2QH","PO Box 64529, London SE1P 5LX","","","","","","","","","","","","","","","","","","","","17-03-2005","N"
"58803","Freehold","6, 6A, 10 and 10A Hurst Street, London (SE24 0EG)","LAMBETH","GREATER LONDON","GREATER LONDON","SE24 0EG","N","","FARMWOOD INVESTMENTS LIMITED","","Limited Company or Public Limited Company","Hillside House, 2 Friern Park, London N12","","","","","","","","","","","","","","","","","","","","","02-05-1961","N"
"59032","Leasehold","36 Church Rise","LEWISHAM","GREATER LONDON","GREATER LONDON","","N","","THE MAYOR AND BURGESSES OF THE LONDON BOROUGH OF LEWISHAM","","Local Authority","Lewisham Town Hall, Catford, London, SE6","","","","","","","","","","","","","","","","","","","","","31-07-1951","N"
"60030","Leasehold","158 Essex Road, (N1 8LY)","ISLINGTON","GREATER LONDON","GREATER LONDON","N1 8LY","N","","WEST LAYTON LIMITED","","Limited Company or Public Limited Company","West Layton House, 48/50 St. John Street, London EC1","","","","","","","","","","","","","","","","","","","","","01-08-1973","N"
"60081","Freehold","15 Fulham High Street, Fulham, (SW6 3JH)","HAMMERSMITH AND FULHAM","GREATER LONDON","GREATER LONDON","SW6 3JH","N","","YATONIC LIMITED","","Limited Company or Public Limited Company","64 Lillieshall Road, London SW4","","","","","","","","","","","","","","","","","","","","","27-11-1995","N"
"60301","Freehold","436 and 438 Commercial Road, Stepney","TOWER HAMLETS","GREATER LONDON","GREATER LONDON","","N","","THE MAYOR AND BURGESSES OF THE LONDON BOROUGH OF TOWER HAMLETS","","Local Authority","Mulberry Place, 5 Clove Crescent, London, E14 2BG","","","","","","","","","","","","","","","","","","","","","16-12-1991","N"
"60686","Freehold","244 Seven Sisters Road Holloway","ISLINGTON","GREATER LONDON","GREATER LONDON","","N","","BRITISH RAILWAYS BOARD","","Corporate Body","24 Eversholt Street, London NW1 2DZ","","","","","","","","","","","","","","","","","","","","","15-04-1902","N"
"60820","Freehold","126 High Street, Homerton and Evangelical Hall","HACKNEY","GREATER LONDON","GREATER LONDON","","N","","LONDON AMBULANCE SERVICE NATIONAL HEALTH SERVICE TRUST","","Corporate Body","Ambulance Headquarters, 220 Waterloo Road, London SE1 8SD","","","","","","","","","","","","","","","","","","","","","02-07-1997","N"
"61248","Freehold","The Market House Public House, 30 and 32 Broadway Market, Hackney","HACKNEY","GREATER LONDON","GREATER LONDON","","N","","MARKET HOUSE LIMITED","02681693","Limited Company or Public Limited Company","Little Pixhall, High Street, Hawkhurst, Cranbrook, Kent TN18 4XT","","","","","","","","","","","","","","","","","","","","","31-08-2010","N"
"61382","Freehold","52 and 54 Mabley Street, Homerton","HACKNEY","GREATER LONDON","GREATER LONDON","","N","","THE MAYOR AND BURGESSES OF THE LONDON BOROUGH OF HACKNEY","","Local Authority","The Town Hall, Mare Street, London E8 1EA","","","","","","","","","","","","","","","","","","","","","10-08-1972","N"
"61404","Freehold","Trinity Presbyterian Church, Kentish Town Road, St Pancras","CAMDEN","GREATER LONDON","GREATER LONDON","","N","","URC THAMES NORTH TRUST","00075432","Corporate Body","St. Paul's Bayswater, Newton Road, Bayswater, London W2 5LS","","","","","","","","","","","","","","","","","","","","","10-03-2010","N"
"61561","Freehold","Connaught Mansions, Albion Road, Stoke Newington (N16 9PB)","HACKNEY","GREATER LONDON","GREATER LONDON","N16 9PB","N","","PEABODY TRUST","7741","Community Benefit Society (Corporate Body)","45 Westminster Bridge Road, London SE1 7JB","","","","","","","","","","","","","","","","","","","","","08-06-2018","N"
"61605","Freehold","17 Dunlace Road, Lower Clapton","HACKNEY","GREATER LONDON","GREATER LONDON","","N","","NEWLON HOUSING TRUST","","Corporate Body","Newlon House, 204 Hoxton Street, London N1 5LH","","","","","","","","","","","","","","","","","","","","","12-01-1979","N"
"61608","Freehold","15 Sherriff Road, Hampstead","CAMDEN","GREATER LONDON","GREATER LONDON","","N","","THE MAYOR AND BURGESSES OF THE LONDON BOROUGH OF CAMDEN","","Local Authority","Town Hall, Euston Road, London, NW1 2RU","","","","","","","","","","","","","","","","","","","","","12-08-1977","N"
"61653","Freehold","The Sir Robert Peel Public House, 108 Malden Road, Kentish Town (NW5 4DA)","CAMDEN","GREATER LONDON","GREATER LONDON","NW5 4DA","N","","RED STAR PUB COMPANY (WR II) LIMITED","SC202689","Limited Company or Public Limited Company","3-4 Broadway Park, South Gyle Broadway, Edinburgh EH12 9JZ","","","","","","","","","","","","","","","","","","","","","04-05-2000","N"
"61770","Freehold","land in Millfields Road, Lower Clapton, Hackney","HACKNEY","GREATER LONDON","GREATER LONDON","","N","","THE MAYOR AND BURGESSES OF THE LONDON BOROUGH OF HACKNEY","","Local Authority","The Town Hall, Mare Street, London E8 1EA","","","","","","","","","","","","","","","","","","","","","06-06-1902","N"
"62103","Freehold","1 and 2 Britannia Court, Fulham Palace Road, Hammersmith","HAMMERSMITH AND FULHAM","GREATER LONDON","GREATER LONDON","","N","","THE MAYOR AND BURGESSES OF THE LONDON BOROUGH OF HAMMERSMITH AND FULHAM","","Local Authority","The Town Hall, King Street, Hammersmith, W6 9HP","","","","","","","","","","","","","","","","","","","","","23-06-1902","N"
"62208","Freehold","571 Manchester Road, London (E14 3NX)","TOWER HAMLETS","GREATER LONDON","GREATER LONDON","E14 3NX","N","","FAIRHOLD HOLDINGS (2006) APPTS LTD","05380171","Limited Company or Public Limited Company","21 Palmer Street, London SW1H 0AD","","","","","","","","","","","","","","","","","","","","","05-05-2016","N"
"62335","Freehold","6, 7 and 8 Timber Street, London EC1Y 0TQ","ISLINGTON","GREATER LONDON","GREATER LONDON","EC1Y 0TQ","N","","MASH (TIMBER STREET) LIMITED","9058220","Limited Company or Public Limited Company","Unit A, Brook Park East, Shirebrook NG29 8RY","","","","","","","","","","","","","","","","","","","","","11-07-2014","N"
"62472","Freehold","7 Sands End Lane, Fulham","HAMMERSMITH AND FULHAM","GREATER LONDON","GREATER LONDON","","N","","NATIONAL GRID TWENTY SEVEN LIMITED","7926596","Limited Company or Public Limited Company","1-3 Strand, London WC2N 5EH","","","","","","","","","","","","","","","","","","","","","11-01-2013","N"
"62542","Freehold","The Cricketers, Northwold Road, and office and stables adjoining, (N16 7HR)","HACKNEY","GREATER LONDON","GREATER LONDON","N16 7HR","N","","WELLINGTON PUB COMPANY PLC","3406623","Limited Company or Public Limited Company","GOSSCHALKS of Queens Gardens, Hull, HU1 3DZ","","","","","","","","","","","","","","","","","","","","","10-12-1997","N"
"62724","Freehold","167 Holland Park Avenue","KENSINGTON AND CHELSEA","GREATER LONDON","GREATER LONDON","","N","","WOMENS PIONEER HOUSING LIMITED","","Limited Company or Public Limited Company","227 Wood Lane, London, W12 0HL","","","","","","","","","","","","","","","","","","","","","01-06-1982","N"
"63030","Freehold","Land in New Kings Road, Fulham","HAMMERSMITH AND FULHAM","GREATER LONDON","GREATER LONDON","","N","","JCDECAUX LIMITED","00825315","Limited Company or Public Limited Company","991 Great West Road, Brentford, Middlesex TW8 9DN","","","","","","","","","","","","","","","","","","","","","11-08-2005","N"
"63140","Freehold","39 Frognal","CAMDEN","GREATER LONDON","GREATER LONDON","","N","","THE MAYOR AND BURGESSES OF THE LONDON BOROUGH OF CAMDEN","","Local Authority","Town Hall, Euston Road, London, NW1 2RU","","","","","","","","","","","","","","","","","","","","","26-04-1961","N"
"63171","Freehold","43 Mornington Terrace","CAMDEN","GREATER LONDON","GREATER LONDON","","N","","THE MAYOR AND BURGESSES OF THE LONDON BOROUGH OFCAMDEN","","Local Authority","Town Hall, Euston Road, London NW1 2RU","","","","","","","","","","","","","","","","","","","","","18-12-1975","N"
"63351","Freehold","Oldbury Court 90, Avro Court 92, Longland Court, 94 and Beresford Court 96, Mabley Street, London","HACKNEY","GREATER LONDON","GREATER LONDON","","N","","THE MAYOR AND BURGESSES OF THE LONDON BOROUGH OF HACKNEY","","Local Authority","The Town Hall, Mare Street, London E8 1EA","","","","","","","","","","","","","","","","","","","","","10-08-1972","N"
"63388","Freehold","3 All Saints Road, Kensington","KENSINGTON AND CHELSEA","GREATER LONDON","GREATER LONDON","","N","","NOTTING HILL GENESIS","7746","Community Benefit Society (Corporate Body)","Bruce Kenrick House, Killick Street, London N1 9FL","","","","","","","","","","","","","","","","","","","","","04-05-2018","N"
"63421","Freehold","Chelsea Lodge, 58 Tite Street, London (SW3 4JD)","KENSINGTON AND CHELSEA","GREATER LONDON","GREATER LONDON","SW3 4JD","N","","CONSTANTINE LAND LIMITED","334258","Limited Company or Public Limited Company","First Floor, River Court, The Old Mill Office Complex, Godalming GU7 1EZ","","","","","","","","","","","","","","","","","","","","","26-06-2014","N"
"63599","Freehold","196 Westbourne Park Road, London (W11 1EP)","KENSINGTON AND CHELSEA","GREATER LONDON","GREATER LONDON","W11 1EP","N","","NOTTING HILL GENESIS","7746","Community Benefit Society (Corporate Body)","Bruce Kenrick House, 2 Killick Street, London N1 9FL","","","","","","","","","","","","","","","","","","","","","03-05-2018","N"
"63798","Freehold","20 Westville Road, London (W12 9BD)","HAMMERSMITH AND FULHAM","GREATER LONDON","GREATER LONDON","W12 9BD","N","","NOTTING HILL GENESIS","7746","Community Benefit Society (Corporate Body)","Bruce Kenrick House, Killick Street, London N1 9FL","","","","","","","","","","","","","","","","","","","","","04-05-2018","N"
"64368","Freehold","17 Basil Street, Chelsea, London (SW3 1BA)","KENSINGTON AND CHELSEA","GREATER LONDON","GREATER LONDON","SW3 1BA","N","","SEVENTEEN BASIL STREET RESIDENTS ASSOCIATION LIMITED","","Limited Company or Public Limited Company","17 Basil Street, Chelsea, London SW3 1BA","","","","","","","","","","","","","","","","","","","","","09-02-1955","N"
"64422","Freehold","Spitfire Building, 71 Collier Street, London (N1 9BE)","ISLINGTON","GREATER LONDON","GREATER LONDON","N1 9BE","N","","LONDON BUILDINGS (SPITFIRE) LIMITED","08597556","Limited Company or Public Limited Company","19 Fitzroy Square, London W1T 6EQ","","","","","","","","","","","","","","","","","","","","","07-01-2014","N"
"64556","Freehold","12 Lower Clapton Road, London (E5 0PD)","HACKNEY","GREATER LONDON","GREATER LONDON","E5 0PD","N","","BETHNON LIMITED","","Limited Company or Public Limited Company","82 Brookwood Road, Southfields, London SW18 5BY","","","","","","","","","","","","","","","","","","","","","21-10-1987","N"
"64825","Freehold","37 Mornington Terrace","CAMDEN","GREATER LONDON","GREATER LONDON","","N","","THE MAYOR AND BURGESSES OF THE LONDON BOROUGH OFCAMDEN","","Local Authority","Town Hall, Euston Road, London NW1 2RU","","","","","","","","","","","","","","","","","","","","","","N"
"65056","Freehold","87 Walton Street, London (SW3 2HP)","KENSINGTON AND CHELSEA","GREATER LONDON","GREATER LONDON","SW3 2HP","N","6000000","JAKS HOLDINGS LIMITED","06584419","Limited Company or Public Limited Company","87-89 Walton Street, London SW3 2HP","Jubilee House, Townsend Lane, London NW9 8TZ","","","","","","","","","","","","","","","","","","","","18-12-2017","N"
"65272","Freehold","17 Kensington Park Road, London (W11 2EU)","KENSINGTON AND CHELSEA","GREATER LONDON","GREATER LONDON","W11 2EU","N","1400000","MILEMINSTER LIMITED","05552353","Limited Company or Public Limited Company","58 Berners Street, London W1T 3NQ","","","","","","","","","","","","","","","","","","","","","10-05-2006","N"
"65404","Freehold","1 to 5 (odd) Amhurst Road, Shacklewell and shops and dwelinghouses known as 3, 5 Amhurst Road shown and edged with red on the filed (1/8) plan No 65404","HACKNEY","GREATER LONDON","GREATER LONDON","","N","","GMS ESTATES LIMITED","","Limited Company or Public Limited Company","32 Great James Street, London, WC1N 3HB","","","","","","","","","","","","","","","","","","","","","","N"
"65550","Freehold","32 and, 32A Homerton Row, London (E9 6ED)","HACKNEY","GREATER LONDON","GREATER LONDON","E9 6ED","N","1050000","RAER KAJAINE LIVING (HOMERTON) LIMITED","09513866","Limited Company or Public Limited Company","Kajaine House, 57 High Street, Edgware HA8 7DD","","","","","","","","","","","","","","","","","","","","","14-09-2015","N"
"65581","Freehold","part of King Edward Street","CITY OF LONDON","GREATER LONDON","GREATER LONDON","","N","","THE GOVERNORS OF CHRIST'S HOSPITAL","","Corporate Body","The Counting House, Christ's Hospital, London EC","","","","","","","","","","","","","","","","","","","","","05-12-1902","N"
"65638","Freehold","13 Tadmor Street, London (W12 8AH)","HAMMERSMITH AND FULHAM","GREATER LONDON","GREATER LONDON","W12 8AH","N","1180000","13 TADMOR STREET LTD","10447360","Limited Company or Public Limited Company","Nuns Farm, Catmere End, Saffron Walden CB11 4XG","","","","","","","","","","","","","","","","","","","","","19-12-2016","N"
"65849","Freehold","14 and 16 Portman Place and 129 Globe Road, Stepney","TOWER HAMLETS","GREATER LONDON","GREATER LONDON","","N","","THE MAYOR AND BURGESSES OF THE LONDON BOROUGH OF TOWER HAMLETS","","Local Authority","Mulberry Place, 5 Clove Crescent, London, E14 2BG","","","","","","","","","","","","","","","","","","","","","11-07-1968","N"
"66139","Freehold","41 Mornington Terrace, London (NW1 7RT)","CAMDEN","GREATER LONDON","GREATER LONDON","NW1 7RT","N","","ONE HOUSING GROUP LIMITED","IP20453R","Industrial and Provident Society (Company)","100 Chalk Farm Road, London NW1 8EH","","","","","","","","","","","","","","","","","","","","","26-05-2011","N"
"66257","Freehold","Bow Road Station, Bow Road, land comprising part of Eleanor Street and land comprising part of Eagling Close, London","TOWER HAMLETS","GREATER LONDON","GREATER LONDON","","N","","LONDON UNDERGROUND LIMITED","01900907","Limited Company or Public Limited Company","Transport for London, 55 Broadway, London SW1H 0BD","","","","","","","","","","","","","","","","","","","","","23-10-2008","N"
"66378","Freehold","1 Fortnam Road, London (N19 3NS)","ISLINGTON","GREATER LONDON","GREATER LONDON","N19 3NS","N","","FINSBURY PARK HOUSING CO-OPERATIVE LIMITED","IP22007R","Limited Company or Public Limited Company","12 Pine Grove, London N4 3LL","","","","","","","","","","","","","","","","","","","","","08-06-1983","N"
"66682","Leasehold","Felix Houses, Block 2, Forbes Street, Stepney","TOWER HAMLETS","GREATER LONDON","GREATER LONDON","","N","","THE MAYOR AND BURGESSES OF THE LONDON BOROUGH OF TOWER HAMLETS","","Local Authority","Mulberry Place, 5 Clove Crescent, London E14 2BG","","","","","","","","","","","","","","","","","","","","","09-04-1974","N"
"66872","Freehold","71 Coopersale Road, London (E9 6AU)","HACKNEY","GREATER LONDON","GREATER LONDON","E9 6AU","N","","71 COOPERSALE ROAD LIMITED","09054304","Limited Company or Public Limited Company","Flat 2, 71 Coopersale Road, London E9 6AU","","","","","","","","","","","","","","","","","","","","","15-07-2014","N"
"67100","Leasehold","1, 3, 5, 7, 9 Great Church Lane, Hammersmith","HAMMERSMITH AND FULHAM","GREATER LONDON","GREATER LONDON","","N","","THE MAYOR AND BURGESSES OF THE LONDON BOROUGH OF HAMMERSMITH AND FULHAM","","Local Authority","Town Hall, King Street, Hammersmith, London W6 9HP","","","","","","","","","","","","","","","","","","","","","24-02-1903","N"
"42196","Freehold","1 and 3 Stepney Causeway and 476 and 478 Commercial Road","TOWER HAMLETS","GREATER LONDON","GREATER LONDON","","N","","THE MAYOR AND BURGESSES OF THE LONDON BOROUGH OF TOWER HAMLETS","","Local Authority","Mulberry Place, 5 Clove Crescent, London E14 2BG","","","","","","","","","","","","","","","","","","","","","07-10-1964","N"
"42303","Freehold","12 Weymouth Street and 4A Williams Mews","CITY OF WESTMINSTER","GREATER LONDON","GREATER LONDON","","N","","THE INCUMBENT OF THE DISTRICT RECTORY OF ST. MARYLEBONE (ALL SOULS)","","Corporate Body","Langham Place, London W1","","","","","","","","","","","","","","","","","","","","","02-03-1901","N"
"42578","Freehold","19 Ellington Street, (N7 8PN)","ISLINGTON","GREATER LONDON","GREATER LONDON","N7 8PN","N","","THE MAYOR AND BURGESSES OF THE LONDON BOROUGH OF ISLINGTON","","Local Authority","Town Hall, Upper Street, Islington, London, N1 2UD","","","","","","","","","","","","","","","","","","","","","24-12-1973","N"
"42588","Freehold","514 Hornsey Road, London (N19 3QN)","ISLINGTON","GREATER LONDON","GREATER LONDON","N19 3QN","N","150000","BIGGER & BETTER PROPERTIES LIMITED","04271951","Limited Company or Public Limited Company","New Burlington House, 1075 Finchley Road, London NW11 0PU","","","","","","","","","","","","","","","","","","","","","23-04-2002","N"
"42810","Freehold","132 Tollington Park (N4 3AD)","ISLINGTON","GREATER LONDON","GREATER LONDON","N4 3AD","N","","PEABODY TRUST","7741","Community Benefit Society (Corporate Body)","45 Westminster Bridge Road, London SE1 7JB","","","","","","","","","","","","","","","","","","","","","23-07-2018","N"
"43047","Freehold","land on the north side of Whitechapel Road and on the North and South sides of Mile End Road, Stepney, London","TOWER HAMLETS","GREATER LONDON","GREATER LONDON","","N","","LONDON UNDERGROUND LIMITED","01900907","Limited Company or Public Limited Company","Transport for London, 55 Broadway, London SW1H 0BD","","","","","","","","","","","","","","","","","","","","","09-07-1959","N"
"43362","Freehold","13 Hogarth Place, London (SW5 0QT)","KENSINGTON AND CHELSEA","GREATER LONDON","GREATER LONDON","SW5 0QT","N","","CHANLY PROPERTIES LIMITED","3966385","Limited Company or Public Limited Company","25a Holland Street, Kensington, London W8 4NA","","","","","","","","","","","","","","","","","","","","","21-09-2001","N"
"43709","Leasehold","149 Kyverdale Road","HACKNEY","GREATER LONDON","GREATER LONDON","","N","","THE MAYOR AND BURGESSES OF THE LONDON BOROUGH OF HACKNEY","","Local Authority","The Town Hall, Mare Street, London E8 1EA","","","","","","","","","","","","","","","","","","","","","19-02-1960","N"
"44393","Freehold","land and buildings in the Parish of St Marylebone, London","CITY OF WESTMINSTER","GREATER LONDON","GREATER LONDON","","N","","NATIONAL GRID ELECTRICITY TRANSMISSION PLC","2366977","Limited Company or Public Limited Company","1-3 Strand, London WC2N 5EH","","","","","","","","","","","","","","","","","","","","","01-02-1996","N"
"44680","Freehold","269 Westbourne Park Road, London, (W11 1EE)","KENSINGTON AND CHELSEA","GREATER LONDON","GREATER LONDON","W11 1EE","N","","NOTTING HILL GENESIS","7746","Community Benefit Society (Corporate Body)","Bruce Kenrick House, Killick Street, London N1 9FL","","","","","","","","","","","","","","","","","","","","","04-05-2018","N"
"45091","Freehold","14 Dawson Place, Kensington","KENSINGTON AND CHELSEA","GREATER LONDON","GREATER LONDON","","N","","LOCALCREST LIMITED","1585624","Limited Company or Public Limited Company","30 Thurloe Place, London, SW7","","","","","","","","","","","","","","","","","","","","","31-10-1985","N"
"45680","Freehold","14 Hanbury Street, Stepney","TOWER HAMLETS","GREATER LONDON","GREATER LONDON","","N","","AVONSAND MANAGEMENT LIMITED","","Limited Company or Public Limited Company","106 Commercial Street, London, E1 6LZ","","","","","","","","","","","","","","","","","","","","","30-05-1990","N"
"45690","Freehold","1 to 46 Howitt Close, London (NW3 4LX)","CAMDEN","GREATER LONDON","GREATER LONDON","NW3 4LX","N","","DAEJAN PROPERTIES LIMITED","","Limited Company or Public Limited Company","Freshwater House, 158-162 Shaftesbury Avenue, London, WC2H 8HR","","","","","","","","","","","","","","","","","","","","","20-03-1970","N"
"45972","Freehold","1 to 30 (inclusive) Maud Wilkes Close, London (NW5 2QQ)","CAMDEN","GREATER LONDON","GREATER LONDON","NW5 2QQ","N","","ORIGIN HOUSING 2 LIMITED","31985R","Industrial and Provident Society (Company)","St. Richards House, 110 Eversholt Street, London NW1 1BS","","","","","","","","","","","","","","","","","","","","","02-01-2014","N"
"46455","Freehold","6 Pitsea Street","TOWER HAMLETS","GREATER LONDON","GREATER LONDON","","N","","THE MAYOR AND BURGESSES OF THE LONDON BOROUGH OF TOWER HAMLETS","","Local Authority","Mulberry Place, 5 Clove Crescent, London E14 2BG","","","","","","","","","","","","","","","","","","","","","","N"
"47112","Freehold","18 Gate Street, (WC2A 3HP)","CAMDEN","GREATER LONDON","GREATER LONDON","WC2A 3HP","N","","LONDON UNDERGROUND LIMITED","01900907","Limited Company or Public Limited Company","Transport for London, 55 Broadway, London SW1H 0BD","","","","","","","","","","","","","","","","","","","","","","N"
"47363","Freehold","21 White Church Lane, London (E1 7QR)","TOWER HAMLETS","GREATER LONDON","GREATER LONDON","E1 7QR","N","","UNIQUE PUB PROPERTIES LIMITED","3726292","Limited Company or Public Limited Company","3 Monkspath Hall Road, Shirley, Solihull, W Midlands B90 4SJ","","","","","","","","","","","","","","","","","","","","","27-07-2001","N"
"47570","Freehold","77 Duncombe Road, London (N19 3DL)","ISLINGTON","GREATER LONDON","GREATER LONDON","N19 3DL","N","","SANCTUARY HOUSING ASSOCIATION","IP19059R","Industrial and Provident Society (Corporate Body)","Chamber Court, Castle Street, Worcester WR1 3ZQ","","","","","","","","","","","","","","","","","","","","","15-06-2011","N"
"47847","Freehold","3 to 11 (odd) Maroon Street, Stepney","TOWER HAMLETS","GREATER LONDON","GREATER LONDON","","N","","THE MAYOR AND BURGESSES OF THE LONDON BOROUGH OF TOWER HAMLETS","","Local Authority","Mulberry Place, 5 Clove Crescent, London E14 2BG","","","","","","","","","","","","","","","","","","","","","23-11-1935","N"
"48152","Freehold","60 Dixon Street, Limehouse","TOWER HAMLETS","GREATER LONDON","GREATER LONDON","","N","","THE MAYOR AND BURGESSES OF THE LONDON BOROUGH OF TOWER HAMLETS","","Local Authority","Mulberry Place, 5 Clove Crescent, London E14 2BG","","","","","","","","","","","","","","","","","","","","","03-12-1953","N"
"48297","Freehold","44 Stronsa Road, London (W12 9LB)","HAMMERSMITH AND FULHAM","GREATER LONDON","GREATER LONDON","W12 9LB","N","50000","44 STRONSA ROAD LONDON W12 9LB LIMITED","110049898","Limited Company or Public Limited Company","15 Haslemere Road, London N21 3AB","","","","","","","","","","","","","","","","","","","","","08-05-2018","N"
"48314","Freehold","The Barley Mow, 15 Hague Street, Bethnal Green","TOWER HAMLETS","GREATER LONDON","GREATER LONDON","","N","","THE MAYOR AND BURGESSES OF THE LONDON BOROUGH OF TOWER HAMLETS","","Local Authority","Mulberry Place, 5 Clove Crescent, London E14 2BG","","","","","","","","","","","","","","","","","","","","","06-11-1961","N"
"48345","Freehold","Land on the north east side of Rowhill Road, Hackney, London","HACKNEY","GREATER LONDON","GREATER LONDON","","N","","HANOVER RED LIMITED","08868960","Limited Company or Public Limited Company","Level 30, 40 Bank Street, London E14 5NR","","","","","","","","","","","","","","","","","","","","","23-07-2014","N"
"48440","Freehold","I1 Albany, Piccadilly, (W1V 9RP)","CITY OF WESTMINSTER","GREATER LONDON","GREATER LONDON","W1V 9RP","N","","ALBANWISE LIMITED","01359468","Limited Company or Public Limited Company","Old School House, Fincham Road, Barton Bendish, King's Lynn, Norfolk PE33 9DL","","","","","","","","","","","","","","","","","","","","","10-01-2012","N"
"48498","Freehold","7 Hollycroft Avenue","CAMDEN","GREATER LONDON","GREATER LONDON","","N","","STROLLDENE LIMITED","","Limited Company or Public Limited Company","7A Hollycroft Avenue, Hampstead, London NW3 7QG","","","","","","","","","","","","","","","","","","","","","14-03-1991","N"
"48789","Freehold","51 and 52 Longfellow Road, Stepney","TOWER HAMLETS","GREATER LONDON","GREATER LONDON","","N","","THE MAYOR AND BURGESSES OF THE LONDON BOROUGH OF TOWER HAMLETS","","Local Authority","Mulberry Place 5 Clove Crescent, London E14 2BG","","","","","","","","","","","","","","","","","","","","","03-06-1975","N"
"48853","Leasehold","11 Millman Street, Bedford Row","CAMDEN","GREATER LONDON","GREATER LONDON","","N","","DALSTON ESTATES LIMITED","","Limited Company or Public Limited Company","3 Ashby Grove, Canonbury,  London  N1","","","","","","","","","","","","","","","","","","","","","30-10-1946","N"
"48913","Freehold","16 Willes Road, London (NW5 3DS)","CAMDEN","GREATER LONDON","GREATER LONDON","NW5 3DS","N","","WILLES ROAD FREEHOLDERS LIMITED","07197433","Limited Company or Public Limited Company","18a Willes Road, London NW5 3DS","","","","","","","","","","","","","","","","","","","","","23-07-2010","N"
"49000","Leasehold","104 Northwold Road, Hackney","HACKNEY","GREATER LONDON","GREATER LONDON","","N","","NEWLON HOUSING TRUST","","Corporate Body","1/7 Lower Clapton Road, London E5","","","","","","","","","","","","","","","","","","","","","","N"
"49006","Freehold","2 Dalston Lane, London (E8 3DE)","HACKNEY","GREATER LONDON","GREATER LONDON","E8 3DE","N","65000","RAIL FOR LONDON LIMITED","05965930","Limited Company or Public Limited Company","Windsor House, 42-50 Victoria Street, London SW1H 0TL","Windsor House, 42-50 Victoria Street, London SW1H 0TL","","","","","","","","","","","","","","","","","","","","09-11-2011","N"
"49083","Freehold","42-44 Kingsland Road, London (E2 8DA)","HACKNEY","GREATER LONDON","GREATER LONDON","E2 8DA","N","","DAWNELIA PROPERTIES LIMITED","2938356","Limited Company or Public Limited Company","214 Seven Sisters Road, London N4 3NX","","","","","","","","","","","","","","","","","","","","","10-12-2013","N"
"49084","Freehold","land in Kingsland Road, Shoreditch","HACKNEY","GREATER LONDON","GREATER LONDON","","N","","TRANSPORT FOR LONDON","","Corporate Body","Transport for London, 55 Broadway, London SW1H 0BD","","","","","","","","","","","","","","","","","","","","","21-11-2017","N"
"49335","Freehold","157 Cambridge Road, Whitechapel","TOWER HAMLETS","GREATER LONDON","GREATER LONDON","","N","","THE MAYOR AND BURGESSES OF THE LONDON BOROUGH OF TOWER HAMLETS","","Local Authority","Mulberry Place, 5 Clove Crescent, London E14 2BG","","","","","","","","","","","","","","","","","","","","","25-09-1962","N"
"49507","Freehold","The London Crown Hotel, 144 Praed Street, London (W2 1HU)","CITY OF WESTMINSTER","GREATER LONDON","GREATER LONDON","W2 1HU","N","40000000","LTH (PRAED STREET) LIMITED","9058268","Limited Company or Public Limited Company","8-14 Talbot Square, London W2 1TS","","","","","","","","","","","","","","","","","","","","","08-07-2014","N"
"49621","Freehold","Whittingstall Mansions, 18 Whittingstall Road, London (SW6 4EE)","HAMMERSMITH AND FULHAM","GREATER LONDON","GREATER LONDON","SW6 4EE","N","","WHITTINGSTALL MANSIONS LIMITED","1586287","Limited Company or Public Limited Company","18 Whittingstall Road, London SW6 4EE","","","","","","","","","","","","","","","","","","","","","11-11-1981","N"
"49870","Freehold","The pavement and roadway of Howitt Road and Glenmore Road and part of the pavement and roadway of Glenloch Road and Haverstock Hill, Hampstead","CAMDEN","GREATER LONDON","GREATER LONDON","","N","","THE WOODLANDS PARK ESTATE COMPANY LIMITED","","Limited Company or Public Limited Company","Salisbury House, London Wall, London EC2M 5PS","","","","","","","","","","","","","","","","","","","","","29-01-1916","N"
"49881","Freehold","189 Wardour Steet","CITY OF WESTMINSTER","GREATER LONDON","GREATER LONDON","","N","","THE REPUBLIC OF UGANDA","","Corporate Body","P.O. Box 257, Trafalgar Square, London WC2","","","","","","","","","","","","","","","","","","","","","21-08-1975","N"
"50168","Freehold","336 Lee High Road, Lee","LEWISHAM","GREATER LONDON","GREATER LONDON","","N","","BUCKFORD ESTATES LIMITED","1807543","Limited Company or Public Limited Company","1 Fairlands Avenue, Buckhurst Hill, Essex","","","","","","","","","","","","","","","","","","","","","16-05-1986","N"
"50392","Freehold","24 Balgowan Street","GREENWICH","GREATER LONDON","GREATER LONDON","","N","","LONDON & QUADRANT HOUSING TRUST","30441R","Registered Society (Corporate Body)","29-35 West Ham Lane, London E15 4PH","","","","","","","","","","","","","","","","","","","","","20-10-1977","N"
"51041","Freehold","59 Greenvale Road, (SE9 1PB)","GREENWICH","GREATER LONDON","GREATER LONDON","SE9 1PB","N","","HYDE HOUSING ASSOCIATION LIMITED","IP18195R","Industrial and Provident Society (Company)","30 Park Street, London SE1 9EQ","","","","","","","","","","","","","","","","","","","","","06-04-1970","N"
"51598","Leasehold","","WANDSWORTH","GREATER LONDON","GREATER LONDON","","Y","","BRITISH RAILWAYS BOARD","","Corporate Body","Melbury House, Melbury Terrace, London NW1","","","","","","","","","","","","","","","","","","","","","21-11-1901","N"
"52012","Freehold","20 and 22 Cantwell Road","GREENWICH","GREATER LONDON","GREATER LONDON","","N","","ROYAL BOROUGH OF GREENWICH","","Local Authority","Town Hall, Woolwich, London SE18 6PW","","","","","","","","","","","","","","","","","","","","","02-04-1954","N"
"52050","Freehold","land in York Road","WANDSWORTH","GREATER LONDON","GREATER LONDON","","N","","THE COUNTY COUNCIL OF THE ADMINISTRATIVE COUNTY OF LONDON","","Local Authority","Spring Gardens, London SW","","","","","","","","","","","","","","","","","","","","","07-12-1901","N"
"52080","Freehold","land on the North East side of Queens Circus, London","WANDSWORTH","GREATER LONDON","GREATER LONDON","","N","","NETWORK RAIL INFRASTRUCTURE LIMITED","2904587","Limited Company or Public Limited Company","1 Eversholt Street, London NW1 2DN","","","","","","","","","","","","","","","","","","","","","","N"
"52215","Freehold","39 Kings Highway, London (SE18 2BH)","GREENWICH","GREATER LONDON","GREATER LONDON","SE18 2BH","N","340000","THE REED ASSET COMPANY LIMITED","10484553","Limited Company or Public Limited Company","39 Kings Highway, London SE18 2BH","16a Kitson Hill Road, Mirfield WF14 9EL","","","","","","","","","","","","","","","","","","","","16-06-2017","N"
"52446","Freehold","the forecourts of 323, 325, 327, 329 and 329A York Road, Battersea","WANDSWORTH","GREATER LONDON","GREATER LONDON","","N","","TRANSPORT FOR LONDON","","Corporate Body","Transport for London, 55 Broadway, London SW1H 0BD","","","","","","","","","","","","","","","","","","","","","21-11-2017","N"
"52729","Freehold","land in Upper Tooting Road, London","WANDSWORTH","GREATER LONDON","GREATER LONDON","","N","","TRANSPORT FOR LONDON","","Corporate Body","Transport for London, 55 Broadway, London SW1H 0BD","","","","","","","","","","","","","","","","","","","","","21-11-2017","N"
"52901","Freehold","40 Credenhill Street, Streatham","WANDSWORTH","GREATER LONDON","GREATER LONDON","","N","","THE MAYOR AND BURGESSES OF THE LONDON BOROUGH OF WANDSWORTH","","Local Authority","Town Hall, High Street, Wandsworth, London SW18 2PU","","","","","","","","","","","","","","","","","","","","","30-05-1974","N"
"53167","Leasehold","32 Hackford Road, London (SW9 0RF)","LAMBETH","GREATER LONDON","GREATER LONDON","SW9 0RF","N","","32 HACKFORD ROAD MANAGEMENT LIMITED","","Limited Company or Public Limited Company","32 Hackford Road, London SW9","","","","","","","","","","","","","","","","","","","","","01-09-1987","N"
"53604","Leasehold","5 Prairie Street, London (SW8 3PX)","WANDSWORTH","GREATER LONDON","GREATER LONDON","SW8 3PX","N","","RYEHURST LIMITED","","Limited Company or Public Limited Company","398 Finchley Road, London NW2","","","","","","","","","","","","","","","","","","","","","07-06-1973","N"
"54063","Freehold","9 Royal Naval Place, St Paul, Deptford","LEWISHAM","GREATER LONDON","GREATER LONDON","","N","","THE MAYOR ALDERMEN AND BURGESSES OF THE LONDON BOROUGH OF LEWISHAM","","Local Authority","Lewisham Town Hall, Catford, London SE6","","","","","","","","","","","","","","","","","","","","","04-09-1972","N"
"54205","Freehold","40 Fairfield Street","WANDSWORTH","GREATER LONDON","GREATER LONDON","","N","","THE MAYOR AND BURGESSES OF THE LONDON BOROUGH OF WANDSWORTH","","Local Authority","Town Hall, High Street, Wandsworth, London SW18 2PU","","","","","","","","","","","","","","","","","","","","","03-04-1954","N"
"54392","Freehold","174 Knollys Road, London (SW16 2JS)","LAMBETH","GREATER LONDON","GREATER LONDON","SW16 2JS","N","48500","174 KNOLLYS ROAD FREEHOLD LIMITED","10757593","Limited Company or Public Limited Company","Flat D, 174 Knollys Road, London SW16 2JS","","","","","","","","","","","","","","","","","","","","","04-09-2017","N"
"54639","Freehold","81 Mount Nod Road, London (SW16 2LJ)","LAMBETH","GREATER LONDON","GREATER LONDON","SW16 2LJ","N","","OPTIVO","7561","Community Benefit Society (Corporate Body)","Grosvenor House, 125 High Street, Croydon CR0 9XP","","","","","","","","","","","","","","","","","","","","","29-06-2017","N"
"54829","Freehold","a passageway between 31 and 33 Fairlight Road","WANDSWORTH","GREATER LONDON","GREATER LONDON","","N","","LLOYDS BANK PLC","2065","Limited Company or Public Limited Company","25 Gresham Street, London EC2V 7HN","3rd Floor, 2 City Place, Beehive Ring Road, Gatwick RH6 0PA","","","","","","","","","","","","","","","","","","","","09-11-1965","N"
"54845","Freehold","land forming parts of the sites of Alabama Street and Garland Road and also land at the back of 139 to 149 (odd) Alabama Street","GREENWICH","GREATER LONDON","GREATER LONDON","","N","","SMITH &  WILLIAMSON TRUST CORPORATION LIMITED","02013947","Limited Company or Public Limited Company","1 Riding House Street, London W1A 3AS","","","GSE TRUSTEES LIMITED","4961118","Limited Company or Public Limited Company","Room 9, Enterprise House, Foundry Lane, Horsham, West Sussex RH13 5PX","","","","","","","","","","","","","","","27-07-2005","N"
"54927","Freehold","91 to 100 Prince of Wales Mansions, Prince of Wales Drive, London (SW11 4BL)","WANDSWORTH","GREATER LONDON","GREATER LONDON","SW11 4BL","N","","91-100 PRINCE OF WALES MANSIONS LIMITED","3639330","Limited Company or Public Limited Company","34 Sumner Place, South Kensington, London SW7 3NT","","","","","","","","","","","","","","","","","","","","","22-01-1999","N"
"55179","Freehold","56, 57, 58, 59, 64, 65, 66, 67, 68, 69 Albert Embankment","LAMBETH","GREATER LONDON","GREATER LONDON","","N","","THE COUNTY COUNCIL OF THE ADMINISTRATIVE COUNTY OF LONDON","","County Council","Spring Gardens, London SW","","","","","","","","","","","","","","","","","","","","","","N"
"55192","Leasehold","2A Scawen Road","LEWISHAM","GREATER LONDON","GREATER LONDON","","N","","THE MAYOR ALDERMEN AND BURGESSES OF THE LONDON BOROUGH OF LEWISHAM","","Local Authority","Lewisham Town Hall, Catford, London SE6 4RU","","","","","","","","","","","","","","","","","","","","","06-02-1973","N"
"55492","Freehold","Brett House, 198 West Hill","WANDSWORTH","GREATER LONDON","GREATER LONDON","","N","","BRETT HOUSE FREEHOLDERS ASSOCIATION LIMITED","1699743","Limited Company or Public Limited Company","36 The Broadway, Wimbledon, London, SW19","","","","","","","","","","","","","","","","","","","","","23-06-1983","N"
"56155","Freehold","230 Mitcham Lane, London (SW16 6NT)","WANDSWORTH","GREATER LONDON","GREATER LONDON","SW16 6NT","N","","THE BAPTIST UNION CORPORATION LIMITED","32743","Limited Company or Public Limited Company","Baptist House, PO Box 44, 129 Broadway, Didcot, Oxon OX11 8RT","","","","","","","","","","","","","","","","","","","","","17-12-2004","N"
"56373","Freehold","15 Hylton Street (SE18 1EE)","GREENWICH","GREATER LONDON","GREATER LONDON","SE18 1EE","N","","ROYAL BOROUGH OF GREENWICH","","Local Authority","Town Hall, Woolwich, London SE18 6PW","","","","","","","","","","","","","","","","","","","","","02-01-1948","N"
"57197","Freehold","4 Brussels Road, London (SW11 2AF)","WANDSWORTH","GREATER LONDON","GREATER LONDON","SW11 2AF","N","","OPTIVO","7561","Community Benefit Society (Corporate Body)","Grosvenor House, 125 High Street, Croydon CR0 9XP","","","","","","","","","","","","","","","","","","","","","07-07-2017","N"
"57560","Freehold","Part of 1 to 3 Polar Terrace, Sunnydene Street and Part of Explorer House, Highclere Street, London","LEWISHAM","GREATER LONDON","GREATER LONDON","","N","","OPTIVO","7561","Community Benefit Society (Corporate Body)","Grosvenor House, 125 High Street, Croydon CR0 9XP","","","","","","","","","","","","","","","","","","","","","29-06-2017","N"
"57561","Freehold","Part of 1 to 3 Polar Terrace, Sunnydene Street and Part of Explorer House, Highclere Street, London","LEWISHAM","GREATER LONDON","GREATER LONDON","","N","","OPTIVO","7561","Community Benefit Society (Corporate Body)","Grosvenor House, 125 High Street, Croydon CR0 9XP","","","","","","","","","","","","","","","","","","","","","29-06-2017","N"
"57595","Freehold","dwellinghouse and garden with stabling and outbuildings known as The Chestnuts, 465 Lordship Lane","SOUTHWARK","GREATER LONDON","GREATER LONDON","","N","","MODERN HOMESTEADS (TULSE HILL) LIMITED","","Limited Company or Public Limited Company","353 Norwood Road, London SE27","","","","","","","","","","","","","","","","","","","","","21-01-1957","N"
"57637","Freehold","land at Garratt Lane and York Road","WANDSWORTH","GREATER LONDON","GREATER LONDON","","N","","THE MAYOR AND BURGESSES OF THE LONDON BOROUGH OF WANDSWORTH","","Local Authority","Town Hall, Wandsworth High Street, London SW18 2PU","","","","","","","","","","","","","","","","","","","","","26-07-1902","N"
"57686","Freehold","3 Banchory Road","GREENWICH","GREATER LONDON","GREATER LONDON","","N","","ROYAL BOROUGH OF GREENWICH","","Local Authority","Town Hall, Woolwich, London SE18 6PW","","","","","","","","","","","","","","","","","","","","","10-06-1965","N"
"57952","Freehold","10-18 Union Street, London (SE1 1SZ)","SOUTHWARK","GREATER LONDON","GREATER LONDON","SE1 1SZ","N","","THE ROYAL COLLEGE OF OBSTETRICIANS AND GYNAECOLOGISTS","RC000792","Corporate Body","27 Sussex Place, London NW1 4RG","","","","","","","","","","","","","","","","","","","","","05-01-2018","N"
"58054","Freehold","29 Amersham Vale, St Paul Deptford","LEWISHAM","GREATER LONDON","GREATER LONDON","","N","","THE MAYOR ALDERMEN AND BURGESSES OF THE LONDON BOROUGH OF LEWISHAM","","Local Authority","Lewisham Town Hall, Catford, London SE6","","","","","","","","","","","","","","","","","","","","","27-04-1967","N"
"58282","Freehold","100 Vauxhall Walk, London (SE11 5EL)","LAMBETH","GREATER LONDON","GREATER LONDON","SE11 5EL","N","","SPRING MEWS LIMITED","2219526","Limited Company or Public Limited Company","16 Tinworth Street, London SE11 5AL","","","","","","","","","","","","","","","","","","","","","21-05-2010","N"
"58450","Leasehold","358 TUNNEL AVENUE, LONDON","GREENWICH","GREATER LONDON","GREATER LONDON","","Y","","THE LONDON COUNTY COUNCIL","","County Council","The County Hall, Westminster Bridge, London SE1","","","","","","","","","","","","","","","","","","","","","13-04-1950","N"
"58492","Freehold","41 Lewin Road, London (SW16 6JZ)","LAMBETH","GREATER LONDON","GREATER LONDON","SW16 6JZ","N","61500","41 LEWIN ROAD RESIDENTS COMPANY LIMITED","1815002","Limited Company or Public Limited Company","1st Floor, Sidda House, 350 Lower Addiscombe Road, Croydon CR0 7AF","","","","","","","","","","","","","","","","","","","","","24-04-2018","N"
"58506","Freehold","20 Longhurst Road, London (SE13 5LP)","LEWISHAM","GREATER LONDON","GREATER LONDON","SE13 5LP","N","","LONDON & QUADRANT HOUSING TRUST","30441R","Registered Society (Corporate Body)","29-35 West Ham Lane, London E15 4PH","","","","","","","","","","","","","","","","","","","","","23-06-1970","N"
"58516","Leasehold","forecourts of 81, 83, 85 and 87 York Road","WANDSWORTH","GREATER LONDON","GREATER LONDON","","N","","TRANSPORT FOR LONDON","","Corporate Body","Transport for London, 55 Broadway, London SW1H 0BD","","","","","","","","","","","","","","","","","","","","","21-11-2017","N"
